siteid,sitename,siteengname,damname,county,township,twd97lon,twd97lat,twd97tm2x,twd97tm2y,sampledate,samplelayer,sampledepth,itemname,itemengname,itemengabbreviation,itemvalue,itemunit
2096,石門水庫一,"Shih-Men Reservoir I",石門水庫,桃園市,大溪區,121.2424100,24.8034780,274507.70,2744032.49,20190711,表水,0.5m,水溫,"Water Temperature",WT,28.9,℃
2096,石門水庫一,"Shih-Men Reservoir I",石門水庫,桃園市,大溪區,121.2424100,24.8034780,274507.70,2744032.49,20190711,表水,0.5m,卡爾森指數,"Carlson Trophic State Index",CTSI,44.93,
2088,新山水庫二,"Hsin-Shan Reservoir II",新山水庫,基隆市,安樂區,121.7094750,25.1286690,321540.83,2780217.42,20190710,表水,0.5m,葉綠素a,Chlorophyl-A,Chl-A,4.5,μg/L
2088,新山水庫二,"Hsin-Shan Reservoir II",新山水庫,基隆市,安樂區,121.7094750,25.1286690,321540.83,2780217.42,20190710,表水,0.5m,總磷,Total-Phosphate,TP,0.025,mg/L
2088,新山水庫二,"Hsin-Shan Reservoir II",新山水庫,基隆市,安樂區,121.7094750,25.1286690,321540.83,2780217.42,20190710,表水,0.5m,溶氧飽和度,"Dissolved Oxygen Saturation",DOS,124.4,%
2088,新山水庫二,"Hsin-Shan Reservoir II",新山水庫,基隆市,安樂區,121.7094750,25.1286690,321540.83,2780217.42,20190710,表水,0.5m,氨氮,NH3-N,NH3-N,0.04,mg/L
2088,新山水庫二,"Hsin-Shan Reservoir II",新山水庫,基隆市,安樂區,121.7094750,25.1286690,321540.83,2780217.42,20190710,表水,0.5m,總有機碳,"Total Organic Carbon",TOC,1.73,mg/L
2088,新山水庫二,"Hsin-Shan Reservoir II",新山水庫,基隆市,安樂區,121.7094750,25.1286690,321540.83,2780217.42,20190710,表水,0.5m,化學需氧量,"Chemical Oxygen Demand",COD,8.2,mg/L
2088,新山水庫二,"Hsin-Shan Reservoir II",新山水庫,基隆市,安樂區,121.7094750,25.1286690,321540.83,2780217.42,20190710,表水,0.5m,溶氧(電極法),"Dissolved Oxygen",DO,9.2,mg/L
2088,新山水庫二,"Hsin-Shan Reservoir II",新山水庫,基隆市,安樂區,121.7094750,25.1286690,321540.83,2780217.42,20190710,表水,0.5m,懸浮固體,"Suspended Solid",SS,1.1,mg/L
2088,新山水庫二,"Hsin-Shan Reservoir II",新山水庫,基隆市,安樂區,121.7094750,25.1286690,321540.83,2780217.42,20190710,表水,0.5m,氣溫,Temperature,TMP,32.4,℃
2088,新山水庫二,"Hsin-Shan Reservoir II",新山水庫,基隆市,安樂區,121.7094750,25.1286690,321540.83,2780217.42,20190710,表水,0.5m,採樣深度,"Sampling Depth",SDP,0.5,m
2088,新山水庫二,"Hsin-Shan Reservoir II",新山水庫,基隆市,安樂區,121.7094750,25.1286690,321540.83,2780217.42,20190710,表水,0.5m,導電度,Conductivity,EC,118,μmho/cm25℃
2088,新山水庫二,"Hsin-Shan Reservoir II",新山水庫,基隆市,安樂區,121.7094750,25.1286690,321540.83,2780217.42,20190710,表水,0.5m,濁度,Turbidity,TB,2.5,NTU
2088,新山水庫二,"Hsin-Shan Reservoir II",新山水庫,基隆市,安樂區,121.7094750,25.1286690,321540.83,2780217.42,20190710,表水,0.5m,酸鹼值,pH,pH,8.68,
2088,新山水庫二,"Hsin-Shan Reservoir II",新山水庫,基隆市,安樂區,121.7094750,25.1286690,321540.83,2780217.42,20190710,表水,0.5m,透明度,Transparency,SD,1.0,m
2088,新山水庫二,"Hsin-Shan Reservoir II",新山水庫,基隆市,安樂區,121.7094750,25.1286690,321540.83,2780217.42,20190710,表水,0.5m,水溫,"Water Temperature",WT,30.5,℃
2088,新山水庫二,"Hsin-Shan Reservoir II",新山水庫,基隆市,安樂區,121.7094750,25.1286690,321540.83,2780217.42,20190710,表水,0.5m,卡爾森指數,"Carlson Trophic State Index",CTSI,51.97,
2087,新山水庫一,"Hsin-Shan Reservoir I",新山水庫,基隆市,安樂區,121.7103550,25.1335760,321626.70,2780761.43,20190710,表水,0.5m,葉綠素a,Chlorophyl-A,Chl-A,5.4,μg/L
2087,新山水庫一,"Hsin-Shan Reservoir I",新山水庫,基隆市,安樂區,121.7103550,25.1335760,321626.70,2780761.43,20190710,表水,0.5m,總磷,Total-Phosphate,TP,0.017,mg/L
2087,新山水庫一,"Hsin-Shan Reservoir I",新山水庫,基隆市,安樂區,121.7103550,25.1335760,321626.70,2780761.43,20190710,表水,0.5m,溶氧飽和度,"Dissolved Oxygen Saturation",DOS,118.9,%
2087,新山水庫一,"Hsin-Shan Reservoir I",新山水庫,基隆市,安樂區,121.7103550,25.1335760,321626.70,2780761.43,20190710,表水,0.5m,氨氮,NH3-N,NH3-N,0.02,mg/L
2087,新山水庫一,"Hsin-Shan Reservoir I",新山水庫,基隆市,安樂區,121.7103550,25.1335760,321626.70,2780761.43,20190710,表水,0.5m,總有機碳,"Total Organic Carbon",TOC,1.91,mg/L
2087,新山水庫一,"Hsin-Shan Reservoir I",新山水庫,基隆市,安樂區,121.7103550,25.1335760,321626.70,2780761.43,20190710,表水,0.5m,化學需氧量,"Chemical Oxygen Demand",COD,8.0,mg/L
2087,新山水庫一,"Hsin-Shan Reservoir I",新山水庫,基隆市,安樂區,121.7103550,25.1335760,321626.70,2780761.43,20190710,表水,0.5m,溶氧(電極法),"Dissolved Oxygen",DO,8.8,mg/L
2087,新山水庫一,"Hsin-Shan Reservoir I",新山水庫,基隆市,安樂區,121.7103550,25.1335760,321626.70,2780761.43,20190710,表水,0.5m,懸浮固體,"Suspended Solid",SS,<1.0,mg/L
2087,新山水庫一,"Hsin-Shan Reservoir I",新山水庫,基隆市,安樂區,121.7103550,25.1335760,321626.70,2780761.43,20190710,表水,0.5m,氣溫,Temperature,TMP,31.9,℃
2087,新山水庫一,"Hsin-Shan Reservoir I",新山水庫,基隆市,安樂區,121.7103550,25.1335760,321626.70,2780761.43,20190710,表水,0.5m,採樣深度,"Sampling Depth",SDP,0.5,m
2087,新山水庫一,"Hsin-Shan Reservoir I",新山水庫,基隆市,安樂區,121.7103550,25.1335760,321626.70,2780761.43,20190710,表水,0.5m,導電度,Conductivity,EC,144,μmho/cm25℃
2087,新山水庫一,"Hsin-Shan Reservoir I",新山水庫,基隆市,安樂區,121.7103550,25.1335760,321626.70,2780761.43,20190710,表水,0.5m,濁度,Turbidity,TB,1.8,NTU
2087,新山水庫一,"Hsin-Shan Reservoir I",新山水庫,基隆市,安樂區,121.7103550,25.1335760,321626.70,2780761.43,20190710,表水,0.5m,酸鹼值,pH,pH,8.88,
2087,新山水庫一,"Hsin-Shan Reservoir I",新山水庫,基隆市,安樂區,121.7103550,25.1335760,321626.70,2780761.43,20190710,表水,0.5m,透明度,Transparency,SD,1.4,m
2087,新山水庫一,"Hsin-Shan Reservoir I",新山水庫,基隆市,安樂區,121.7103550,25.1335760,321626.70,2780761.43,20190710,表水,0.5m,水溫,"Water Temperature",WT,30.4,℃
2087,新山水庫一,"Hsin-Shan Reservoir I",新山水庫,基隆市,安樂區,121.7103550,25.1335760,321626.70,2780761.43,20190710,表水,0.5m,卡爾森指數,"Carlson Trophic State Index",CTSI,49.10,
2087,新山水庫一,"Hsin-Shan Reservoir I",新山水庫,基隆市,安樂區,121.7103550,25.1335760,321626.70,2780761.43,20190807,表水,0.5m,葉綠素a,Chlorophyl-A,Chl-A,7.1,μg/L
2087,新山水庫一,"Hsin-Shan Reservoir I",新山水庫,基隆市,安樂區,121.7103550,25.1335760,321626.70,2780761.43,20190807,表水,0.5m,總磷,Total-Phosphate,TP,0.011,mg/L
2087,新山水庫一,"Hsin-Shan Reservoir I",新山水庫,基隆市,安樂區,121.7103550,25.1335760,321626.70,2780761.43,20190807,表水,0.5m,溶氧飽和度,"Dissolved Oxygen Saturation",DOS,104.5,%
2087,新山水庫一,"Hsin-Shan Reservoir I",新山水庫,基隆市,安樂區,121.7103550,25.1335760,321626.70,2780761.43,20190807,表水,0.5m,總氮,"Total Nitrogen",TN,0.38,mg/L
2087,新山水庫一,"Hsin-Shan Reservoir I",新山水庫,基隆市,安樂區,121.7103550,25.1335760,321626.70,2780761.43,20190807,表水,0.5m,氨氮,NH3-N,NH3-N,0.02,mg/L
2087,新山水庫一,"Hsin-Shan Reservoir I",新山水庫,基隆市,安樂區,121.7103550,25.1335760,321626.70,2780761.43,20190807,表水,0.5m,總有機碳,"Total Organic Carbon",TOC,2.23,mg/L
2087,新山水庫一,"Hsin-Shan Reservoir I",新山水庫,基隆市,安樂區,121.7103550,25.1335760,321626.70,2780761.43,20190807,表水,0.5m,化學需氧量,"Chemical Oxygen Demand",COD,7.1,mg/L
2087,新山水庫一,"Hsin-Shan Reservoir I",新山水庫,基隆市,安樂區,121.7103550,25.1335760,321626.70,2780761.43,20190807,表水,0.5m,溶氧(電極法),"Dissolved Oxygen",DO,7.5,mg/L
2087,新山水庫一,"Hsin-Shan Reservoir I",新山水庫,基隆市,安樂區,121.7103550,25.1335760,321626.70,2780761.43,20190807,表水,0.5m,懸浮固體,"Suspended Solid",SS,2.8,mg/L
2087,新山水庫一,"Hsin-Shan Reservoir I",新山水庫,基隆市,安樂區,121.7103550,25.1335760,321626.70,2780761.43,20190807,表水,0.5m,氣溫,Temperature,TMP,32.4,℃
2087,新山水庫一,"Hsin-Shan Reservoir I",新山水庫,基隆市,安樂區,121.7103550,25.1335760,321626.70,2780761.43,20190807,表水,0.5m,採樣深度,"Sampling Depth",SDP,0.5,m
2087,新山水庫一,"Hsin-Shan Reservoir I",新山水庫,基隆市,安樂區,121.7103550,25.1335760,321626.70,2780761.43,20190807,表水,0.5m,導電度,Conductivity,EC,118,μmho/cm25℃
2087,新山水庫一,"Hsin-Shan Reservoir I",新山水庫,基隆市,安樂區,121.7103550,25.1335760,321626.70,2780761.43,20190807,表水,0.5m,濁度,Turbidity,TB,1.1,NTU
2087,新山水庫一,"Hsin-Shan Reservoir I",新山水庫,基隆市,安樂區,121.7103550,25.1335760,321626.70,2780761.43,20190807,表水,0.5m,酸鹼值,pH,pH,8.02,
2087,新山水庫一,"Hsin-Shan Reservoir I",新山水庫,基隆市,安樂區,121.7103550,25.1335760,321626.70,2780761.43,20190807,表水,0.5m,透明度,Transparency,SD,2.2,m
2087,新山水庫一,"Hsin-Shan Reservoir I",新山水庫,基隆市,安樂區,121.7103550,25.1335760,321626.70,2780761.43,20190807,表水,0.5m,水溫,"Water Temperature",WT,31.6,℃
2087,新山水庫一,"Hsin-Shan Reservoir I",新山水庫,基隆市,安樂區,121.7103550,25.1335760,321626.70,2780761.43,20190807,表水,0.5m,卡爾森指數,"Carlson Trophic State Index",CTSI,45.73,
2143,德基水庫一,"Te-Chi Reservoir I",德基水庫,臺中市,和平區,121.1685510,24.2546930,267114.75,2683240.48,20191210,中水,42.1m,溶氧飽和度,"Dissolved Oxygen Saturation",DOS,84.4,%
2143,德基水庫一,"Te-Chi Reservoir I",德基水庫,臺中市,和平區,121.1685510,24.2546930,267114.75,2683240.48,20191210,中水,42.1m,氨氮,NH3-N,NH3-N,0.02,mg/L
2143,德基水庫一,"Te-Chi Reservoir I",德基水庫,臺中市,和平區,121.1685510,24.2546930,267114.75,2683240.48,20191210,中水,42.1m,總有機碳,"Total Organic Carbon",TOC,0.53,mg/L
2143,德基水庫一,"Te-Chi Reservoir I",德基水庫,臺中市,和平區,121.1685510,24.2546930,267114.75,2683240.48,20191210,中水,42.1m,化學需氧量,"Chemical Oxygen Demand",COD,<4.0,mg/L
2143,德基水庫一,"Te-Chi Reservoir I",德基水庫,臺中市,和平區,121.1685510,24.2546930,267114.75,2683240.48,20191210,中水,42.1m,溶氧(電極法),"Dissolved Oxygen",DO,7.0,mg/L
2143,德基水庫一,"Te-Chi Reservoir I",德基水庫,臺中市,和平區,121.1685510,24.2546930,267114.75,2683240.48,20191210,中水,42.1m,懸浮固體,"Suspended Solid",SS,2.2,mg/L
2143,德基水庫一,"Te-Chi Reservoir I",德基水庫,臺中市,和平區,121.1685510,24.2546930,267114.75,2683240.48,20191210,中水,42.1m,氣溫,Temperature,TMP,11.0,℃
2143,德基水庫一,"Te-Chi Reservoir I",德基水庫,臺中市,和平區,121.1685510,24.2546930,267114.75,2683240.48,20191210,中水,42.1m,採樣深度,"Sampling Depth",SDP,42.1,m
2143,德基水庫一,"Te-Chi Reservoir I",德基水庫,臺中市,和平區,121.1685510,24.2546930,267114.75,2683240.48,20191210,中水,42.1m,導電度,Conductivity,EC,260,μmho/cm25℃
2143,德基水庫一,"Te-Chi Reservoir I",德基水庫,臺中市,和平區,121.1685510,24.2546930,267114.75,2683240.48,20191210,中水,42.1m,濁度,Turbidity,TB,1.8,NTU
2143,德基水庫一,"Te-Chi Reservoir I",德基水庫,臺中市,和平區,121.1685510,24.2546930,267114.75,2683240.48,20191210,中水,42.1m,酸鹼值,pH,pH,8.25,
2143,德基水庫一,"Te-Chi Reservoir I",德基水庫,臺中市,和平區,121.1685510,24.2546930,267114.75,2683240.48,20191210,中水,42.1m,透明度,Transparency,SD,-,m
2143,德基水庫一,"Te-Chi Reservoir I",德基水庫,臺中市,和平區,121.1685510,24.2546930,267114.75,2683240.48,20191210,中水,42.1m,水溫,"Water Temperature",WT,16.0,℃
2143,德基水庫一,"Te-Chi Reservoir I",德基水庫,臺中市,和平區,121.1685510,24.2546930,267114.75,2683240.48,20191210,表水,0.5m,葉綠素a,Chlorophyl-A,Chl-A,5.5,μg/L
2143,德基水庫一,"Te-Chi Reservoir I",德基水庫,臺中市,和平區,121.1685510,24.2546930,267114.75,2683240.48,20191210,表水,0.5m,總磷,Total-Phosphate,TP,0.011,mg/L
2143,德基水庫一,"Te-Chi Reservoir I",德基水庫,臺中市,和平區,121.1685510,24.2546930,267114.75,2683240.48,20191210,表水,0.5m,溶氧飽和度,"Dissolved Oxygen Saturation",DOS,84.4,%
2143,德基水庫一,"Te-Chi Reservoir I",德基水庫,臺中市,和平區,121.1685510,24.2546930,267114.75,2683240.48,20191210,表水,0.5m,氨氮,NH3-N,NH3-N,0.01,mg/L
2143,德基水庫一,"Te-Chi Reservoir I",德基水庫,臺中市,和平區,121.1685510,24.2546930,267114.75,2683240.48,20191210,表水,0.5m,總有機碳,"Total Organic Carbon",TOC,0.54,mg/L
2143,德基水庫一,"Te-Chi Reservoir I",德基水庫,臺中市,和平區,121.1685510,24.2546930,267114.75,2683240.48,20191210,表水,0.5m,化學需氧量,"Chemical Oxygen Demand",COD,4.0,mg/L
2143,德基水庫一,"Te-Chi Reservoir I",德基水庫,臺中市,和平區,121.1685510,24.2546930,267114.75,2683240.48,20191210,表水,0.5m,溶氧(電極法),"Dissolved Oxygen",DO,7.3,mg/L
2143,德基水庫一,"Te-Chi Reservoir I",德基水庫,臺中市,和平區,121.1685510,24.2546930,267114.75,2683240.48,20191210,表水,0.5m,懸浮固體,"Suspended Solid",SS,1.5,mg/L
2143,德基水庫一,"Te-Chi Reservoir I",德基水庫,臺中市,和平區,121.1685510,24.2546930,267114.75,2683240.48,20191210,表水,0.5m,氣溫,Temperature,TMP,11.0,℃
2143,德基水庫一,"Te-Chi Reservoir I",德基水庫,臺中市,和平區,121.1685510,24.2546930,267114.75,2683240.48,20191210,表水,0.5m,採樣深度,"Sampling Depth",SDP,0.5,m
2143,德基水庫一,"Te-Chi Reservoir I",德基水庫,臺中市,和平區,121.1685510,24.2546930,267114.75,2683240.48,20191210,表水,0.5m,導電度,Conductivity,EC,262,μmho/cm25℃
2143,德基水庫一,"Te-Chi Reservoir I",德基水庫,臺中市,和平區,121.1685510,24.2546930,267114.75,2683240.48,20191210,表水,0.5m,濁度,Turbidity,TB,1.2,NTU
2143,德基水庫一,"Te-Chi Reservoir I",德基水庫,臺中市,和平區,121.1685510,24.2546930,267114.75,2683240.48,20191210,表水,0.5m,酸鹼值,pH,pH,8.21,
2143,德基水庫一,"Te-Chi Reservoir I",德基水庫,臺中市,和平區,121.1685510,24.2546930,267114.75,2683240.48,20191210,表水,0.5m,透明度,Transparency,SD,2.8,m
2143,德基水庫一,"Te-Chi Reservoir I",德基水庫,臺中市,和平區,121.1685510,24.2546930,267114.75,2683240.48,20191210,表水,0.5m,水溫,"Water Temperature",WT,14.9,℃
2143,德基水庫一,"Te-Chi Reservoir I",德基水庫,臺中市,和平區,121.1685510,24.2546930,267114.75,2683240.48,20191210,表水,0.5m,卡爾森指數,"Carlson Trophic State Index",CTSI,43.74,
2149,鯉魚潭水庫三,"Li-Yu-Tan Reservoir III",鯉魚潭水庫,苗栗縣,大湖鄉,120.7847930,24.3415630,228162.65,2692868.02,20191206,底水,62.6m,葉綠素a,Chlorophyl-A,Chl-A,0.6,μg/L
2149,鯉魚潭水庫三,"Li-Yu-Tan Reservoir III",鯉魚潭水庫,苗栗縣,大湖鄉,120.7847930,24.3415630,228162.65,2692868.02,20191206,底水,62.6m,總磷,Total-Phosphate,TP,0.019,mg/L
2149,鯉魚潭水庫三,"Li-Yu-Tan Reservoir III",鯉魚潭水庫,苗栗縣,大湖鄉,120.7847930,24.3415630,228162.65,2692868.02,20191206,底水,62.6m,溶氧飽和度,"Dissolved Oxygen Saturation",DOS,7.8,%
2149,鯉魚潭水庫三,"Li-Yu-Tan Reservoir III",鯉魚潭水庫,苗栗縣,大湖鄉,120.7847930,24.3415630,228162.65,2692868.02,20191206,底水,62.6m,氨氮,NH3-N,NH3-N,0.02,mg/L
2149,鯉魚潭水庫三,"Li-Yu-Tan Reservoir III",鯉魚潭水庫,苗栗縣,大湖鄉,120.7847930,24.3415630,228162.65,2692868.02,20191206,底水,62.6m,總有機碳,"Total Organic Carbon",TOC,1.02,mg/L
2149,鯉魚潭水庫三,"Li-Yu-Tan Reservoir III",鯉魚潭水庫,苗栗縣,大湖鄉,120.7847930,24.3415630,228162.65,2692868.02,20191206,底水,62.6m,化學需氧量,"Chemical Oxygen Demand",COD,4.8,mg/L
2149,鯉魚潭水庫三,"Li-Yu-Tan Reservoir III",鯉魚潭水庫,苗栗縣,大湖鄉,120.7847930,24.3415630,228162.65,2692868.02,20191206,底水,62.6m,溶氧(電極法),"Dissolved Oxygen",DO,0.7,mg/L
2149,鯉魚潭水庫三,"Li-Yu-Tan Reservoir III",鯉魚潭水庫,苗栗縣,大湖鄉,120.7847930,24.3415630,228162.65,2692868.02,20191206,底水,62.6m,懸浮固體,"Suspended Solid",SS,1.7,mg/L
2149,鯉魚潭水庫三,"Li-Yu-Tan Reservoir III",鯉魚潭水庫,苗栗縣,大湖鄉,120.7847930,24.3415630,228162.65,2692868.02,20191206,底水,62.6m,氣溫,Temperature,TMP,15.1,℃
2149,鯉魚潭水庫三,"Li-Yu-Tan Reservoir III",鯉魚潭水庫,苗栗縣,大湖鄉,120.7847930,24.3415630,228162.65,2692868.02,20191206,底水,62.6m,採樣深度,"Sampling Depth",SDP,62.6,m
2149,鯉魚潭水庫三,"Li-Yu-Tan Reservoir III",鯉魚潭水庫,苗栗縣,大湖鄉,120.7847930,24.3415630,228162.65,2692868.02,20191206,底水,62.6m,導電度,Conductivity,EC,390,μmho/cm25℃
2149,鯉魚潭水庫三,"Li-Yu-Tan Reservoir III",鯉魚潭水庫,苗栗縣,大湖鄉,120.7847930,24.3415630,228162.65,2692868.02,20191206,底水,62.6m,濁度,Turbidity,TB,1.2,NTU
2149,鯉魚潭水庫三,"Li-Yu-Tan Reservoir III",鯉魚潭水庫,苗栗縣,大湖鄉,120.7847930,24.3415630,228162.65,2692868.02,20191206,底水,62.6m,酸鹼值,pH,pH,7.68,
2149,鯉魚潭水庫三,"Li-Yu-Tan Reservoir III",鯉魚潭水庫,苗栗縣,大湖鄉,120.7847930,24.3415630,228162.65,2692868.02,20191206,底水,62.6m,透明度,Transparency,SD,-,m
2149,鯉魚潭水庫三,"Li-Yu-Tan Reservoir III",鯉魚潭水庫,苗栗縣,大湖鄉,120.7847930,24.3415630,228162.65,2692868.02,20191206,底水,62.6m,水溫,"Water Temperature",WT,18.3,℃
2149,鯉魚潭水庫三,"Li-Yu-Tan Reservoir III",鯉魚潭水庫,苗栗縣,大湖鄉,120.7847930,24.3415630,228162.65,2692868.02,20191206,表水,0.5m,葉綠素a,Chlorophyl-A,Chl-A,5.5,μg/L
2149,鯉魚潭水庫三,"Li-Yu-Tan Reservoir III",鯉魚潭水庫,苗栗縣,大湖鄉,120.7847930,24.3415630,228162.65,2692868.02,20191206,表水,0.5m,總磷,Total-Phosphate,TP,0.012,mg/L
2149,鯉魚潭水庫三,"Li-Yu-Tan Reservoir III",鯉魚潭水庫,苗栗縣,大湖鄉,120.7847930,24.3415630,228162.65,2692868.02,20191206,表水,0.5m,溶氧飽和度,"Dissolved Oxygen Saturation",DOS,66.8,%
2149,鯉魚潭水庫三,"Li-Yu-Tan Reservoir III",鯉魚潭水庫,苗栗縣,大湖鄉,120.7847930,24.3415630,228162.65,2692868.02,20191206,表水,0.5m,氨氮,NH3-N,NH3-N,0.02,mg/L
2149,鯉魚潭水庫三,"Li-Yu-Tan Reservoir III",鯉魚潭水庫,苗栗縣,大湖鄉,120.7847930,24.3415630,228162.65,2692868.02,20191206,表水,0.5m,總有機碳,"Total Organic Carbon",TOC,0.86,mg/L
2149,鯉魚潭水庫三,"Li-Yu-Tan Reservoir III",鯉魚潭水庫,苗栗縣,大湖鄉,120.7847930,24.3415630,228162.65,2692868.02,20191206,表水,0.5m,化學需氧量,"Chemical Oxygen Demand",COD,<4.0,mg/L
2149,鯉魚潭水庫三,"Li-Yu-Tan Reservoir III",鯉魚潭水庫,苗栗縣,大湖鄉,120.7847930,24.3415630,228162.65,2692868.02,20191206,表水,0.5m,溶氧(電極法),"Dissolved Oxygen",DO,6.0,mg/L
2149,鯉魚潭水庫三,"Li-Yu-Tan Reservoir III",鯉魚潭水庫,苗栗縣,大湖鄉,120.7847930,24.3415630,228162.65,2692868.02,20191206,表水,0.5m,懸浮固體,"Suspended Solid",SS,1.4,mg/L
2149,鯉魚潭水庫三,"Li-Yu-Tan Reservoir III",鯉魚潭水庫,苗栗縣,大湖鄉,120.7847930,24.3415630,228162.65,2692868.02,20191206,表水,0.5m,氣溫,Temperature,TMP,15.1,℃
2149,鯉魚潭水庫三,"Li-Yu-Tan Reservoir III",鯉魚潭水庫,苗栗縣,大湖鄉,120.7847930,24.3415630,228162.65,2692868.02,20191206,表水,0.5m,採樣深度,"Sampling Depth",SDP,0.5,m
2149,鯉魚潭水庫三,"Li-Yu-Tan Reservoir III",鯉魚潭水庫,苗栗縣,大湖鄉,120.7847930,24.3415630,228162.65,2692868.02,20191206,表水,0.5m,導電度,Conductivity,EC,324,μmho/cm25℃
2149,鯉魚潭水庫三,"Li-Yu-Tan Reservoir III",鯉魚潭水庫,苗栗縣,大湖鄉,120.7847930,24.3415630,228162.65,2692868.02,20191206,表水,0.5m,濁度,Turbidity,TB,1.0,NTU
2149,鯉魚潭水庫三,"Li-Yu-Tan Reservoir III",鯉魚潭水庫,苗栗縣,大湖鄉,120.7847930,24.3415630,228162.65,2692868.02,20191206,表水,0.5m,酸鹼值,pH,pH,8.17,
2149,鯉魚潭水庫三,"Li-Yu-Tan Reservoir III",鯉魚潭水庫,苗栗縣,大湖鄉,120.7847930,24.3415630,228162.65,2692868.02,20191206,表水,0.5m,透明度,Transparency,SD,2.8,m
2149,鯉魚潭水庫三,"Li-Yu-Tan Reservoir III",鯉魚潭水庫,苗栗縣,大湖鄉,120.7847930,24.3415630,228162.65,2692868.02,20191206,表水,0.5m,水溫,"Water Temperature",WT,19.0,℃
2149,鯉魚潭水庫三,"Li-Yu-Tan Reservoir III",鯉魚潭水庫,苗栗縣,大湖鄉,120.7847930,24.3415630,228162.65,2692868.02,20191206,表水,0.5m,卡爾森指數,"Carlson Trophic State Index",CTSI,44.16,
2148,鯉魚潭水庫二,"Li-Yu-Tan Reservoir II",鯉魚潭水庫,苗栗縣,大湖鄉,120.7900880,24.3411210,228699.87,2692818.24,20191206,底水,62.0m,葉綠素a,Chlorophyl-A,Chl-A,1.1,μg/L
2148,鯉魚潭水庫二,"Li-Yu-Tan Reservoir II",鯉魚潭水庫,苗栗縣,大湖鄉,120.7900880,24.3411210,228699.87,2692818.24,20191206,底水,62.0m,總磷,Total-Phosphate,TP,0.018,mg/L
2148,鯉魚潭水庫二,"Li-Yu-Tan Reservoir II",鯉魚潭水庫,苗栗縣,大湖鄉,120.7900880,24.3411210,228699.87,2692818.24,20191206,底水,62.0m,溶氧飽和度,"Dissolved Oxygen Saturation",DOS,10.1,%
2148,鯉魚潭水庫二,"Li-Yu-Tan Reservoir II",鯉魚潭水庫,苗栗縣,大湖鄉,120.7900880,24.3411210,228699.87,2692818.24,20191206,底水,62.0m,氨氮,NH3-N,NH3-N,0.03,mg/L
2148,鯉魚潭水庫二,"Li-Yu-Tan Reservoir II",鯉魚潭水庫,苗栗縣,大湖鄉,120.7900880,24.3411210,228699.87,2692818.24,20191206,底水,62.0m,總有機碳,"Total Organic Carbon",TOC,0.84,mg/L
2148,鯉魚潭水庫二,"Li-Yu-Tan Reservoir II",鯉魚潭水庫,苗栗縣,大湖鄉,120.7900880,24.3411210,228699.87,2692818.24,20191206,底水,62.0m,化學需氧量,"Chemical Oxygen Demand",COD,<4.0,mg/L
2148,鯉魚潭水庫二,"Li-Yu-Tan Reservoir II",鯉魚潭水庫,苗栗縣,大湖鄉,120.7900880,24.3411210,228699.87,2692818.24,20191206,底水,62.0m,溶氧(電極法),"Dissolved Oxygen",DO,0.9,mg/L
2148,鯉魚潭水庫二,"Li-Yu-Tan Reservoir II",鯉魚潭水庫,苗栗縣,大湖鄉,120.7900880,24.3411210,228699.87,2692818.24,20191206,底水,62.0m,懸浮固體,"Suspended Solid",SS,4.2,mg/L
2148,鯉魚潭水庫二,"Li-Yu-Tan Reservoir II",鯉魚潭水庫,苗栗縣,大湖鄉,120.7900880,24.3411210,228699.87,2692818.24,20191206,底水,62.0m,氣溫,Temperature,TMP,15.2,℃
2148,鯉魚潭水庫二,"Li-Yu-Tan Reservoir II",鯉魚潭水庫,苗栗縣,大湖鄉,120.7900880,24.3411210,228699.87,2692818.24,20191206,底水,62.0m,採樣深度,"Sampling Depth",SDP,62.0,m
2148,鯉魚潭水庫二,"Li-Yu-Tan Reservoir II",鯉魚潭水庫,苗栗縣,大湖鄉,120.7900880,24.3411210,228699.87,2692818.24,20191206,底水,62.0m,導電度,Conductivity,EC,373,μmho/cm25℃
2148,鯉魚潭水庫二,"Li-Yu-Tan Reservoir II",鯉魚潭水庫,苗栗縣,大湖鄉,120.7900880,24.3411210,228699.87,2692818.24,20191206,底水,62.0m,濁度,Turbidity,TB,3.6,NTU
2148,鯉魚潭水庫二,"Li-Yu-Tan Reservoir II",鯉魚潭水庫,苗栗縣,大湖鄉,120.7900880,24.3411210,228699.87,2692818.24,20191206,底水,62.0m,酸鹼值,pH,pH,7.82,
2148,鯉魚潭水庫二,"Li-Yu-Tan Reservoir II",鯉魚潭水庫,苗栗縣,大湖鄉,120.7900880,24.3411210,228699.87,2692818.24,20191206,底水,62.0m,透明度,Transparency,SD,-,m
2148,鯉魚潭水庫二,"Li-Yu-Tan Reservoir II",鯉魚潭水庫,苗栗縣,大湖鄉,120.7900880,24.3411210,228699.87,2692818.24,20191206,底水,62.0m,水溫,"Water Temperature",WT,18.6,℃
2148,鯉魚潭水庫二,"Li-Yu-Tan Reservoir II",鯉魚潭水庫,苗栗縣,大湖鄉,120.7900880,24.3411210,228699.87,2692818.24,20191206,表水,0.5m,葉綠素a,Chlorophyl-A,Chl-A,2.7,μg/L
2148,鯉魚潭水庫二,"Li-Yu-Tan Reservoir II",鯉魚潭水庫,苗栗縣,大湖鄉,120.7900880,24.3411210,228699.87,2692818.24,20191206,表水,0.5m,總磷,Total-Phosphate,TP,0.010,mg/L
2148,鯉魚潭水庫二,"Li-Yu-Tan Reservoir II",鯉魚潭水庫,苗栗縣,大湖鄉,120.7900880,24.3411210,228699.87,2692818.24,20191206,表水,0.5m,溶氧飽和度,"Dissolved Oxygen Saturation",DOS,57.3,%
2148,鯉魚潭水庫二,"Li-Yu-Tan Reservoir II",鯉魚潭水庫,苗栗縣,大湖鄉,120.7900880,24.3411210,228699.87,2692818.24,20191206,表水,0.5m,氨氮,NH3-N,NH3-N,0.02,mg/L
2148,鯉魚潭水庫二,"Li-Yu-Tan Reservoir II",鯉魚潭水庫,苗栗縣,大湖鄉,120.7900880,24.3411210,228699.87,2692818.24,20191206,表水,0.5m,總有機碳,"Total Organic Carbon",TOC,0.77,mg/L
2148,鯉魚潭水庫二,"Li-Yu-Tan Reservoir II",鯉魚潭水庫,苗栗縣,大湖鄉,120.7900880,24.3411210,228699.87,2692818.24,20191206,表水,0.5m,化學需氧量,"Chemical Oxygen Demand",COD,<4.0,mg/L
2148,鯉魚潭水庫二,"Li-Yu-Tan Reservoir II",鯉魚潭水庫,苗栗縣,大湖鄉,120.7900880,24.3411210,228699.87,2692818.24,20191206,表水,0.5m,溶氧(電極法),"Dissolved Oxygen",DO,5.1,mg/L
2148,鯉魚潭水庫二,"Li-Yu-Tan Reservoir II",鯉魚潭水庫,苗栗縣,大湖鄉,120.7900880,24.3411210,228699.87,2692818.24,20191206,表水,0.5m,懸浮固體,"Suspended Solid",SS,1.6,mg/L
2148,鯉魚潭水庫二,"Li-Yu-Tan Reservoir II",鯉魚潭水庫,苗栗縣,大湖鄉,120.7900880,24.3411210,228699.87,2692818.24,20191206,表水,0.5m,氣溫,Temperature,TMP,15.2,℃
2148,鯉魚潭水庫二,"Li-Yu-Tan Reservoir II",鯉魚潭水庫,苗栗縣,大湖鄉,120.7900880,24.3411210,228699.87,2692818.24,20191206,表水,0.5m,採樣深度,"Sampling Depth",SDP,0.5,m
2148,鯉魚潭水庫二,"Li-Yu-Tan Reservoir II",鯉魚潭水庫,苗栗縣,大湖鄉,120.7900880,24.3411210,228699.87,2692818.24,20191206,表水,0.5m,導電度,Conductivity,EC,335,μmho/cm25℃
2148,鯉魚潭水庫二,"Li-Yu-Tan Reservoir II",鯉魚潭水庫,苗栗縣,大湖鄉,120.7900880,24.3411210,228699.87,2692818.24,20191206,表水,0.5m,濁度,Turbidity,TB,1.8,NTU
2148,鯉魚潭水庫二,"Li-Yu-Tan Reservoir II",鯉魚潭水庫,苗栗縣,大湖鄉,120.7900880,24.3411210,228699.87,2692818.24,20191206,表水,0.5m,酸鹼值,pH,pH,8.01,
2148,鯉魚潭水庫二,"Li-Yu-Tan Reservoir II",鯉魚潭水庫,苗栗縣,大湖鄉,120.7900880,24.3411210,228699.87,2692818.24,20191206,表水,0.5m,透明度,Transparency,SD,2.8,m
2148,鯉魚潭水庫二,"Li-Yu-Tan Reservoir II",鯉魚潭水庫,苗栗縣,大湖鄉,120.7900880,24.3411210,228699.87,2692818.24,20191206,表水,0.5m,水溫,"Water Temperature",WT,19.6,℃
2148,鯉魚潭水庫二,"Li-Yu-Tan Reservoir II",鯉魚潭水庫,苗栗縣,大湖鄉,120.7900880,24.3411210,228699.87,2692818.24,20191206,表水,0.5m,卡爾森指數,"Carlson Trophic State Index",CTSI,40.95,
2147,鯉魚潭水庫一,"Li-Yu-Tan Reservoir I",鯉魚潭水庫,苗栗縣,大湖鄉,120.7964780,24.3401740,229348.12,2692712.40,20191206,底水,43.6m,葉綠素a,Chlorophyl-A,Chl-A,3.9,μg/L
2147,鯉魚潭水庫一,"Li-Yu-Tan Reservoir I",鯉魚潭水庫,苗栗縣,大湖鄉,120.7964780,24.3401740,229348.12,2692712.40,20191206,底水,43.6m,總磷,Total-Phosphate,TP,0.029,mg/L
2147,鯉魚潭水庫一,"Li-Yu-Tan Reservoir I",鯉魚潭水庫,苗栗縣,大湖鄉,120.7964780,24.3401740,229348.12,2692712.40,20191206,底水,43.6m,溶氧飽和度,"Dissolved Oxygen Saturation",DOS,68.8,%
2147,鯉魚潭水庫一,"Li-Yu-Tan Reservoir I",鯉魚潭水庫,苗栗縣,大湖鄉,120.7964780,24.3401740,229348.12,2692712.40,20191206,底水,43.6m,氨氮,NH3-N,NH3-N,0.04,mg/L
2147,鯉魚潭水庫一,"Li-Yu-Tan Reservoir I",鯉魚潭水庫,苗栗縣,大湖鄉,120.7964780,24.3401740,229348.12,2692712.40,20191206,底水,43.6m,總有機碳,"Total Organic Carbon",TOC,0.76,mg/L
2147,鯉魚潭水庫一,"Li-Yu-Tan Reservoir I",鯉魚潭水庫,苗栗縣,大湖鄉,120.7964780,24.3401740,229348.12,2692712.40,20191206,底水,43.6m,化學需氧量,"Chemical Oxygen Demand",COD,<4.0,mg/L
2147,鯉魚潭水庫一,"Li-Yu-Tan Reservoir I",鯉魚潭水庫,苗栗縣,大湖鄉,120.7964780,24.3401740,229348.12,2692712.40,20191206,底水,43.6m,溶氧(電極法),"Dissolved Oxygen",DO,6.1,mg/L
2147,鯉魚潭水庫一,"Li-Yu-Tan Reservoir I",鯉魚潭水庫,苗栗縣,大湖鄉,120.7964780,24.3401740,229348.12,2692712.40,20191206,底水,43.6m,懸浮固體,"Suspended Solid",SS,10.0,mg/L
2147,鯉魚潭水庫一,"Li-Yu-Tan Reservoir I",鯉魚潭水庫,苗栗縣,大湖鄉,120.7964780,24.3401740,229348.12,2692712.40,20191206,底水,43.6m,氣溫,Temperature,TMP,15.0,℃
2147,鯉魚潭水庫一,"Li-Yu-Tan Reservoir I",鯉魚潭水庫,苗栗縣,大湖鄉,120.7964780,24.3401740,229348.12,2692712.40,20191206,底水,43.6m,採樣深度,"Sampling Depth",SDP,43.6,m
2147,鯉魚潭水庫一,"Li-Yu-Tan Reservoir I",鯉魚潭水庫,苗栗縣,大湖鄉,120.7964780,24.3401740,229348.12,2692712.40,20191206,底水,43.6m,導電度,Conductivity,EC,335,μmho/cm25℃
2147,鯉魚潭水庫一,"Li-Yu-Tan Reservoir I",鯉魚潭水庫,苗栗縣,大湖鄉,120.7964780,24.3401740,229348.12,2692712.40,20191206,底水,43.6m,濁度,Turbidity,TB,9.5,NTU
2147,鯉魚潭水庫一,"Li-Yu-Tan Reservoir I",鯉魚潭水庫,苗栗縣,大湖鄉,120.7964780,24.3401740,229348.12,2692712.40,20191206,底水,43.6m,酸鹼值,pH,pH,8.22,
2147,鯉魚潭水庫一,"Li-Yu-Tan Reservoir I",鯉魚潭水庫,苗栗縣,大湖鄉,120.7964780,24.3401740,229348.12,2692712.40,20191206,底水,43.6m,透明度,Transparency,SD,-,m
2147,鯉魚潭水庫一,"Li-Yu-Tan Reservoir I",鯉魚潭水庫,苗栗縣,大湖鄉,120.7964780,24.3401740,229348.12,2692712.40,20191206,底水,43.6m,水溫,"Water Temperature",WT,20.0,℃
2147,鯉魚潭水庫一,"Li-Yu-Tan Reservoir I",鯉魚潭水庫,苗栗縣,大湖鄉,120.7964780,24.3401740,229348.12,2692712.40,20191206,表水,0.5m,葉綠素a,Chlorophyl-A,Chl-A,4.5,μg/L
2147,鯉魚潭水庫一,"Li-Yu-Tan Reservoir I",鯉魚潭水庫,苗栗縣,大湖鄉,120.7964780,24.3401740,229348.12,2692712.40,20191206,表水,0.5m,總磷,Total-Phosphate,TP,0.016,mg/L
2147,鯉魚潭水庫一,"Li-Yu-Tan Reservoir I",鯉魚潭水庫,苗栗縣,大湖鄉,120.7964780,24.3401740,229348.12,2692712.40,20191206,表水,0.5m,溶氧飽和度,"Dissolved Oxygen Saturation",DOS,67.0,%
2147,鯉魚潭水庫一,"Li-Yu-Tan Reservoir I",鯉魚潭水庫,苗栗縣,大湖鄉,120.7964780,24.3401740,229348.12,2692712.40,20191206,表水,0.5m,氨氮,NH3-N,NH3-N,0.03,mg/L
2147,鯉魚潭水庫一,"Li-Yu-Tan Reservoir I",鯉魚潭水庫,苗栗縣,大湖鄉,120.7964780,24.3401740,229348.12,2692712.40,20191206,表水,0.5m,總有機碳,"Total Organic Carbon",TOC,0.69,mg/L
2147,鯉魚潭水庫一,"Li-Yu-Tan Reservoir I",鯉魚潭水庫,苗栗縣,大湖鄉,120.7964780,24.3401740,229348.12,2692712.40,20191206,表水,0.5m,化學需氧量,"Chemical Oxygen Demand",COD,<4.0,mg/L
2147,鯉魚潭水庫一,"Li-Yu-Tan Reservoir I",鯉魚潭水庫,苗栗縣,大湖鄉,120.7964780,24.3401740,229348.12,2692712.40,20191206,表水,0.5m,溶氧(電極法),"Dissolved Oxygen",DO,6.0,mg/L
2147,鯉魚潭水庫一,"Li-Yu-Tan Reservoir I",鯉魚潭水庫,苗栗縣,大湖鄉,120.7964780,24.3401740,229348.12,2692712.40,20191206,表水,0.5m,懸浮固體,"Suspended Solid",SS,2.8,mg/L
2147,鯉魚潭水庫一,"Li-Yu-Tan Reservoir I",鯉魚潭水庫,苗栗縣,大湖鄉,120.7964780,24.3401740,229348.12,2692712.40,20191206,表水,0.5m,氣溫,Temperature,TMP,15.0,℃
2147,鯉魚潭水庫一,"Li-Yu-Tan Reservoir I",鯉魚潭水庫,苗栗縣,大湖鄉,120.7964780,24.3401740,229348.12,2692712.40,20191206,表水,0.5m,採樣深度,"Sampling Depth",SDP,0.5,m
2147,鯉魚潭水庫一,"Li-Yu-Tan Reservoir I",鯉魚潭水庫,苗栗縣,大湖鄉,120.7964780,24.3401740,229348.12,2692712.40,20191206,表水,0.5m,導電度,Conductivity,EC,337,μmho/cm25℃
2147,鯉魚潭水庫一,"Li-Yu-Tan Reservoir I",鯉魚潭水庫,苗栗縣,大湖鄉,120.7964780,24.3401740,229348.12,2692712.40,20191206,表水,0.5m,濁度,Turbidity,TB,2.7,NTU
2147,鯉魚潭水庫一,"Li-Yu-Tan Reservoir I",鯉魚潭水庫,苗栗縣,大湖鄉,120.7964780,24.3401740,229348.12,2692712.40,20191206,表水,0.5m,酸鹼值,pH,pH,8.20,
2147,鯉魚潭水庫一,"Li-Yu-Tan Reservoir I",鯉魚潭水庫,苗栗縣,大湖鄉,120.7964780,24.3401740,229348.12,2692712.40,20191206,表水,0.5m,透明度,Transparency,SD,1.6,m
2147,鯉魚潭水庫一,"Li-Yu-Tan Reservoir I",鯉魚潭水庫,苗栗縣,大湖鄉,120.7964780,24.3401740,229348.12,2692712.40,20191206,表水,0.5m,水溫,"Water Temperature",WT,19.1,℃
2147,鯉魚潭水庫一,"Li-Yu-Tan Reservoir I",鯉魚潭水庫,苗栗縣,大湖鄉,120.7964780,24.3401740,229348.12,2692712.40,20191206,表水,0.5m,卡爾森指數,"Carlson Trophic State Index",CTSI,47.57,
2152,明德水庫三,"Ming-Te Reservoir III",明德水庫,苗栗縣,頭屋鄉,120.8847610,24.5804260,238328.59,2719310.99,20191211,底水,15.0m,葉綠素a,Chlorophyl-A,Chl-A,10.1,μg/L
2152,明德水庫三,"Ming-Te Reservoir III",明德水庫,苗栗縣,頭屋鄉,120.8847610,24.5804260,238328.59,2719310.99,20191211,底水,15.0m,總磷,Total-Phosphate,TP,0.020,mg/L
2152,明德水庫三,"Ming-Te Reservoir III",明德水庫,苗栗縣,頭屋鄉,120.8847610,24.5804260,238328.59,2719310.99,20191211,底水,15.0m,溶氧飽和度,"Dissolved Oxygen Saturation",DOS,79.0,%
2152,明德水庫三,"Ming-Te Reservoir III",明德水庫,苗栗縣,頭屋鄉,120.8847610,24.5804260,238328.59,2719310.99,20191211,底水,15.0m,氨氮,NH3-N,NH3-N,0.10,mg/L
2152,明德水庫三,"Ming-Te Reservoir III",明德水庫,苗栗縣,頭屋鄉,120.8847610,24.5804260,238328.59,2719310.99,20191211,底水,15.0m,總有機碳,"Total Organic Carbon",TOC,1.81,mg/L
2152,明德水庫三,"Ming-Te Reservoir III",明德水庫,苗栗縣,頭屋鄉,120.8847610,24.5804260,238328.59,2719310.99,20191211,底水,15.0m,化學需氧量,"Chemical Oxygen Demand",COD,4.5,mg/L
2152,明德水庫三,"Ming-Te Reservoir III",明德水庫,苗栗縣,頭屋鄉,120.8847610,24.5804260,238328.59,2719310.99,20191211,底水,15.0m,溶氧(電極法),"Dissolved Oxygen",DO,7.4,mg/L
2152,明德水庫三,"Ming-Te Reservoir III",明德水庫,苗栗縣,頭屋鄉,120.8847610,24.5804260,238328.59,2719310.99,20191211,底水,15.0m,懸浮固體,"Suspended Solid",SS,9.2,mg/L
2152,明德水庫三,"Ming-Te Reservoir III",明德水庫,苗栗縣,頭屋鄉,120.8847610,24.5804260,238328.59,2719310.99,20191211,底水,15.0m,氣溫,Temperature,TMP,24.0,℃
2152,明德水庫三,"Ming-Te Reservoir III",明德水庫,苗栗縣,頭屋鄉,120.8847610,24.5804260,238328.59,2719310.99,20191211,底水,15.0m,採樣深度,"Sampling Depth",SDP,15.0,m
2152,明德水庫三,"Ming-Te Reservoir III",明德水庫,苗栗縣,頭屋鄉,120.8847610,24.5804260,238328.59,2719310.99,20191211,底水,15.0m,導電度,Conductivity,EC,261,μmho/cm25℃
2152,明德水庫三,"Ming-Te Reservoir III",明德水庫,苗栗縣,頭屋鄉,120.8847610,24.5804260,238328.59,2719310.99,20191211,底水,15.0m,濁度,Turbidity,TB,8.4,NTU
2152,明德水庫三,"Ming-Te Reservoir III",明德水庫,苗栗縣,頭屋鄉,120.8847610,24.5804260,238328.59,2719310.99,20191211,底水,15.0m,酸鹼值,pH,pH,8.26,
2152,明德水庫三,"Ming-Te Reservoir III",明德水庫,苗栗縣,頭屋鄉,120.8847610,24.5804260,238328.59,2719310.99,20191211,底水,15.0m,透明度,Transparency,SD,-,m
2152,明德水庫三,"Ming-Te Reservoir III",明德水庫,苗栗縣,頭屋鄉,120.8847610,24.5804260,238328.59,2719310.99,20191211,底水,15.0m,水溫,"Water Temperature",WT,18.6,℃
2152,明德水庫三,"Ming-Te Reservoir III",明德水庫,苗栗縣,頭屋鄉,120.8847610,24.5804260,238328.59,2719310.99,20191211,中水,8.0m,葉綠素a,Chlorophyl-A,Chl-A,13.4,μg/L
2152,明德水庫三,"Ming-Te Reservoir III",明德水庫,苗栗縣,頭屋鄉,120.8847610,24.5804260,238328.59,2719310.99,20191211,中水,8.0m,總磷,Total-Phosphate,TP,0.015,mg/L
2152,明德水庫三,"Ming-Te Reservoir III",明德水庫,苗栗縣,頭屋鄉,120.8847610,24.5804260,238328.59,2719310.99,20191211,中水,8.0m,溶氧飽和度,"Dissolved Oxygen Saturation",DOS,87.6,%
2152,明德水庫三,"Ming-Te Reservoir III",明德水庫,苗栗縣,頭屋鄉,120.8847610,24.5804260,238328.59,2719310.99,20191211,中水,8.0m,氨氮,NH3-N,NH3-N,0.06,mg/L
2152,明德水庫三,"Ming-Te Reservoir III",明德水庫,苗栗縣,頭屋鄉,120.8847610,24.5804260,238328.59,2719310.99,20191211,中水,8.0m,總有機碳,"Total Organic Carbon",TOC,1.86,mg/L
2152,明德水庫三,"Ming-Te Reservoir III",明德水庫,苗栗縣,頭屋鄉,120.8847610,24.5804260,238328.59,2719310.99,20191211,中水,8.0m,化學需氧量,"Chemical Oxygen Demand",COD,5.1,mg/L
2152,明德水庫三,"Ming-Te Reservoir III",明德水庫,苗栗縣,頭屋鄉,120.8847610,24.5804260,238328.59,2719310.99,20191211,中水,8.0m,溶氧(電極法),"Dissolved Oxygen",DO,8.0,mg/L
2152,明德水庫三,"Ming-Te Reservoir III",明德水庫,苗栗縣,頭屋鄉,120.8847610,24.5804260,238328.59,2719310.99,20191211,中水,8.0m,懸浮固體,"Suspended Solid",SS,3.4,mg/L
2152,明德水庫三,"Ming-Te Reservoir III",明德水庫,苗栗縣,頭屋鄉,120.8847610,24.5804260,238328.59,2719310.99,20191211,中水,8.0m,氣溫,Temperature,TMP,24.0,℃
2152,明德水庫三,"Ming-Te Reservoir III",明德水庫,苗栗縣,頭屋鄉,120.8847610,24.5804260,238328.59,2719310.99,20191211,中水,8.0m,採樣深度,"Sampling Depth",SDP,8.0,m
2152,明德水庫三,"Ming-Te Reservoir III",明德水庫,苗栗縣,頭屋鄉,120.8847610,24.5804260,238328.59,2719310.99,20191211,中水,8.0m,導電度,Conductivity,EC,248,μmho/cm25℃
2152,明德水庫三,"Ming-Te Reservoir III",明德水庫,苗栗縣,頭屋鄉,120.8847610,24.5804260,238328.59,2719310.99,20191211,中水,8.0m,濁度,Turbidity,TB,3.0,NTU
2152,明德水庫三,"Ming-Te Reservoir III",明德水庫,苗栗縣,頭屋鄉,120.8847610,24.5804260,238328.59,2719310.99,20191211,中水,8.0m,酸鹼值,pH,pH,8.14,
2152,明德水庫三,"Ming-Te Reservoir III",明德水庫,苗栗縣,頭屋鄉,120.8847610,24.5804260,238328.59,2719310.99,20191211,中水,8.0m,透明度,Transparency,SD,-,m
2152,明德水庫三,"Ming-Te Reservoir III",明德水庫,苗栗縣,頭屋鄉,120.8847610,24.5804260,238328.59,2719310.99,20191211,中水,8.0m,水溫,"Water Temperature",WT,19.4,℃
2152,明德水庫三,"Ming-Te Reservoir III",明德水庫,苗栗縣,頭屋鄉,120.8847610,24.5804260,238328.59,2719310.99,20191211,表水,0.5m,葉綠素a,Chlorophyl-A,Chl-A,21.6,μg/L
2152,明德水庫三,"Ming-Te Reservoir III",明德水庫,苗栗縣,頭屋鄉,120.8847610,24.5804260,238328.59,2719310.99,20191211,表水,0.5m,總磷,Total-Phosphate,TP,0.025,mg/L
2152,明德水庫三,"Ming-Te Reservoir III",明德水庫,苗栗縣,頭屋鄉,120.8847610,24.5804260,238328.59,2719310.99,20191211,表水,0.5m,溶氧飽和度,"Dissolved Oxygen Saturation",DOS,105.8,%
2152,明德水庫三,"Ming-Te Reservoir III",明德水庫,苗栗縣,頭屋鄉,120.8847610,24.5804260,238328.59,2719310.99,20191211,表水,0.5m,氨氮,NH3-N,NH3-N,0.04,mg/L
2152,明德水庫三,"Ming-Te Reservoir III",明德水庫,苗栗縣,頭屋鄉,120.8847610,24.5804260,238328.59,2719310.99,20191211,表水,0.5m,總有機碳,"Total Organic Carbon",TOC,1.96,mg/L
2152,明德水庫三,"Ming-Te Reservoir III",明德水庫,苗栗縣,頭屋鄉,120.8847610,24.5804260,238328.59,2719310.99,20191211,表水,0.5m,化學需氧量,"Chemical Oxygen Demand",COD,6.1,mg/L
2152,明德水庫三,"Ming-Te Reservoir III",明德水庫,苗栗縣,頭屋鄉,120.8847610,24.5804260,238328.59,2719310.99,20191211,表水,0.5m,溶氧(電極法),"Dissolved Oxygen",DO,9.6,mg/L
2152,明德水庫三,"Ming-Te Reservoir III",明德水庫,苗栗縣,頭屋鄉,120.8847610,24.5804260,238328.59,2719310.99,20191211,表水,0.5m,懸浮固體,"Suspended Solid",SS,3.5,mg/L
2152,明德水庫三,"Ming-Te Reservoir III",明德水庫,苗栗縣,頭屋鄉,120.8847610,24.5804260,238328.59,2719310.99,20191211,表水,0.5m,氣溫,Temperature,TMP,24.0,℃
2152,明德水庫三,"Ming-Te Reservoir III",明德水庫,苗栗縣,頭屋鄉,120.8847610,24.5804260,238328.59,2719310.99,20191211,表水,0.5m,採樣深度,"Sampling Depth",SDP,0.5,m
2152,明德水庫三,"Ming-Te Reservoir III",明德水庫,苗栗縣,頭屋鄉,120.8847610,24.5804260,238328.59,2719310.99,20191211,表水,0.5m,導電度,Conductivity,EC,248,μmho/cm25℃
2152,明德水庫三,"Ming-Te Reservoir III",明德水庫,苗栗縣,頭屋鄉,120.8847610,24.5804260,238328.59,2719310.99,20191211,表水,0.5m,濁度,Turbidity,TB,3.2,NTU
2152,明德水庫三,"Ming-Te Reservoir III",明德水庫,苗栗縣,頭屋鄉,120.8847610,24.5804260,238328.59,2719310.99,20191211,表水,0.5m,酸鹼值,pH,pH,8.53,
2152,明德水庫三,"Ming-Te Reservoir III",明德水庫,苗栗縣,頭屋鄉,120.8847610,24.5804260,238328.59,2719310.99,20191211,表水,0.5m,透明度,Transparency,SD,1.4,m
2152,明德水庫三,"Ming-Te Reservoir III",明德水庫,苗栗縣,頭屋鄉,120.8847610,24.5804260,238328.59,2719310.99,20191211,表水,0.5m,水溫,"Water Temperature",WT,19.9,℃
2152,明德水庫三,"Ming-Te Reservoir III",明德水庫,苗栗縣,頭屋鄉,120.8847610,24.5804260,238328.59,2719310.99,20191211,表水,0.5m,卡爾森指數,"Carlson Trophic State Index",CTSI,55.49,
2151,明德水庫二,"Ming-Te Reservoir II",明德水庫,苗栗縣,頭屋鄉,120.8891140,24.5870980,238770.06,2720049.59,20191211,表水,0.5m,葉綠素a,Chlorophyl-A,Chl-A,23.9,μg/L
2151,明德水庫二,"Ming-Te Reservoir II",明德水庫,苗栗縣,頭屋鄉,120.8891140,24.5870980,238770.06,2720049.59,20191211,表水,0.5m,總磷,Total-Phosphate,TP,0.021,mg/L
2151,明德水庫二,"Ming-Te Reservoir II",明德水庫,苗栗縣,頭屋鄉,120.8891140,24.5870980,238770.06,2720049.59,20191211,表水,0.5m,溶氧飽和度,"Dissolved Oxygen Saturation",DOS,110.4,%
2151,明德水庫二,"Ming-Te Reservoir II",明德水庫,苗栗縣,頭屋鄉,120.8891140,24.5870980,238770.06,2720049.59,20191211,表水,0.5m,氨氮,NH3-N,NH3-N,0.06,mg/L
2151,明德水庫二,"Ming-Te Reservoir II",明德水庫,苗栗縣,頭屋鄉,120.8891140,24.5870980,238770.06,2720049.59,20191211,表水,0.5m,總有機碳,"Total Organic Carbon",TOC,1.99,mg/L
2151,明德水庫二,"Ming-Te Reservoir II",明德水庫,苗栗縣,頭屋鄉,120.8891140,24.5870980,238770.06,2720049.59,20191211,表水,0.5m,化學需氧量,"Chemical Oxygen Demand",COD,4.5,mg/L
2151,明德水庫二,"Ming-Te Reservoir II",明德水庫,苗栗縣,頭屋鄉,120.8891140,24.5870980,238770.06,2720049.59,20191211,表水,0.5m,溶氧(電極法),"Dissolved Oxygen",DO,10.1,mg/L
2151,明德水庫二,"Ming-Te Reservoir II",明德水庫,苗栗縣,頭屋鄉,120.8891140,24.5870980,238770.06,2720049.59,20191211,表水,0.5m,懸浮固體,"Suspended Solid",SS,4.0,mg/L
2151,明德水庫二,"Ming-Te Reservoir II",明德水庫,苗栗縣,頭屋鄉,120.8891140,24.5870980,238770.06,2720049.59,20191211,表水,0.5m,氣溫,Temperature,TMP,23.5,℃
2151,明德水庫二,"Ming-Te Reservoir II",明德水庫,苗栗縣,頭屋鄉,120.8891140,24.5870980,238770.06,2720049.59,20191211,表水,0.5m,採樣深度,"Sampling Depth",SDP,0.5,m
2151,明德水庫二,"Ming-Te Reservoir II",明德水庫,苗栗縣,頭屋鄉,120.8891140,24.5870980,238770.06,2720049.59,20191211,表水,0.5m,導電度,Conductivity,EC,248,μmho/cm25℃
2151,明德水庫二,"Ming-Te Reservoir II",明德水庫,苗栗縣,頭屋鄉,120.8891140,24.5870980,238770.06,2720049.59,20191211,表水,0.5m,濁度,Turbidity,TB,3.8,NTU
2151,明德水庫二,"Ming-Te Reservoir II",明德水庫,苗栗縣,頭屋鄉,120.8891140,24.5870980,238770.06,2720049.59,20191211,表水,0.5m,酸鹼值,pH,pH,8.63,
2151,明德水庫二,"Ming-Te Reservoir II",明德水庫,苗栗縣,頭屋鄉,120.8891140,24.5870980,238770.06,2720049.59,20191211,表水,0.5m,透明度,Transparency,SD,1.4,m
2151,明德水庫二,"Ming-Te Reservoir II",明德水庫,苗栗縣,頭屋鄉,120.8891140,24.5870980,238770.06,2720049.59,20191211,表水,0.5m,水溫,"Water Temperature",WT,19.6,℃
2151,明德水庫二,"Ming-Te Reservoir II",明德水庫,苗栗縣,頭屋鄉,120.8891140,24.5870980,238770.06,2720049.59,20191211,表水,0.5m,卡爾森指數,"Carlson Trophic State Index",CTSI,54.98,
2150,明德水庫一,"Ming-Te Reservoir I",明德水庫,苗栗縣,頭屋鄉,120.9038930,24.5908890,240267.09,2720468.34,20191211,表水,0.5m,葉綠素a,Chlorophyl-A,Chl-A,24.2,μg/L
2150,明德水庫一,"Ming-Te Reservoir I",明德水庫,苗栗縣,頭屋鄉,120.9038930,24.5908890,240267.09,2720468.34,20191211,表水,0.5m,總磷,Total-Phosphate,TP,0.026,mg/L
2150,明德水庫一,"Ming-Te Reservoir I",明德水庫,苗栗縣,頭屋鄉,120.9038930,24.5908890,240267.09,2720468.34,20191211,表水,0.5m,溶氧飽和度,"Dissolved Oxygen Saturation",DOS,123.2,%
2150,明德水庫一,"Ming-Te Reservoir I",明德水庫,苗栗縣,頭屋鄉,120.9038930,24.5908890,240267.09,2720468.34,20191211,表水,0.5m,氨氮,NH3-N,NH3-N,0.08,mg/L
2150,明德水庫一,"Ming-Te Reservoir I",明德水庫,苗栗縣,頭屋鄉,120.9038930,24.5908890,240267.09,2720468.34,20191211,表水,0.5m,總有機碳,"Total Organic Carbon",TOC,1.85,mg/L
2150,明德水庫一,"Ming-Te Reservoir I",明德水庫,苗栗縣,頭屋鄉,120.9038930,24.5908890,240267.09,2720468.34,20191211,表水,0.5m,化學需氧量,"Chemical Oxygen Demand",COD,6.6,mg/L
2150,明德水庫一,"Ming-Te Reservoir I",明德水庫,苗栗縣,頭屋鄉,120.9038930,24.5908890,240267.09,2720468.34,20191211,表水,0.5m,溶氧(電極法),"Dissolved Oxygen",DO,11.1,mg/L
2150,明德水庫一,"Ming-Te Reservoir I",明德水庫,苗栗縣,頭屋鄉,120.9038930,24.5908890,240267.09,2720468.34,20191211,表水,0.5m,懸浮固體,"Suspended Solid",SS,7.4,mg/L
2150,明德水庫一,"Ming-Te Reservoir I",明德水庫,苗栗縣,頭屋鄉,120.9038930,24.5908890,240267.09,2720468.34,20191211,表水,0.5m,氣溫,Temperature,TMP,23.0,℃
2150,明德水庫一,"Ming-Te Reservoir I",明德水庫,苗栗縣,頭屋鄉,120.9038930,24.5908890,240267.09,2720468.34,20191211,表水,0.5m,採樣深度,"Sampling Depth",SDP,0.5,m
2150,明德水庫一,"Ming-Te Reservoir I",明德水庫,苗栗縣,頭屋鄉,120.9038930,24.5908890,240267.09,2720468.34,20191211,表水,0.5m,導電度,Conductivity,EC,250,μmho/cm25℃
2150,明德水庫一,"Ming-Te Reservoir I",明德水庫,苗栗縣,頭屋鄉,120.9038930,24.5908890,240267.09,2720468.34,20191211,表水,0.5m,濁度,Turbidity,TB,6.5,NTU
2150,明德水庫一,"Ming-Te Reservoir I",明德水庫,苗栗縣,頭屋鄉,120.9038930,24.5908890,240267.09,2720468.34,20191211,表水,0.5m,酸鹼值,pH,pH,8.80,
2150,明德水庫一,"Ming-Te Reservoir I",明德水庫,苗栗縣,頭屋鄉,120.9038930,24.5908890,240267.09,2720468.34,20191211,表水,0.5m,透明度,Transparency,SD,1.2,m
2150,明德水庫一,"Ming-Te Reservoir I",明德水庫,苗栗縣,頭屋鄉,120.9038930,24.5908890,240267.09,2720468.34,20191211,表水,0.5m,水溫,"Water Temperature",WT,20.2,℃
2150,明德水庫一,"Ming-Te Reservoir I",明德水庫,苗栗縣,頭屋鄉,120.9038930,24.5908890,240267.09,2720468.34,20191211,表水,0.5m,卡爾森指數,"Carlson Trophic State Index",CTSI,56.79,
2155,永和山水庫三,"Yung-Ho-Shan Reservoir III",永和山水庫,苗栗縣,三灣鄉,120.9180520,24.6531430,241705.11,2727362.44,20191209,表水,0.5m,葉綠素a,Chlorophyl-A,Chl-A,2.7,μg/L
2155,永和山水庫三,"Yung-Ho-Shan Reservoir III",永和山水庫,苗栗縣,三灣鄉,120.9180520,24.6531430,241705.11,2727362.44,20191209,表水,0.5m,總磷,Total-Phosphate,TP,0.013,mg/L
2155,永和山水庫三,"Yung-Ho-Shan Reservoir III",永和山水庫,苗栗縣,三灣鄉,120.9180520,24.6531430,241705.11,2727362.44,20191209,表水,0.5m,溶氧飽和度,"Dissolved Oxygen Saturation",DOS,87.8,%
2155,永和山水庫三,"Yung-Ho-Shan Reservoir III",永和山水庫,苗栗縣,三灣鄉,120.9180520,24.6531430,241705.11,2727362.44,20191209,表水,0.5m,氨氮,NH3-N,NH3-N,0.05,mg/L
2155,永和山水庫三,"Yung-Ho-Shan Reservoir III",永和山水庫,苗栗縣,三灣鄉,120.9180520,24.6531430,241705.11,2727362.44,20191209,表水,0.5m,總有機碳,"Total Organic Carbon",TOC,0.94,mg/L
2155,永和山水庫三,"Yung-Ho-Shan Reservoir III",永和山水庫,苗栗縣,三灣鄉,120.9180520,24.6531430,241705.11,2727362.44,20191209,表水,0.5m,化學需氧量,"Chemical Oxygen Demand",COD,6.8,mg/L
2155,永和山水庫三,"Yung-Ho-Shan Reservoir III",永和山水庫,苗栗縣,三灣鄉,120.9180520,24.6531430,241705.11,2727362.44,20191209,表水,0.5m,溶氧(電極法),"Dissolved Oxygen",DO,8.0,mg/L
2155,永和山水庫三,"Yung-Ho-Shan Reservoir III",永和山水庫,苗栗縣,三灣鄉,120.9180520,24.6531430,241705.11,2727362.44,20191209,表水,0.5m,懸浮固體,"Suspended Solid",SS,1.8,mg/L
2155,永和山水庫三,"Yung-Ho-Shan Reservoir III",永和山水庫,苗栗縣,三灣鄉,120.9180520,24.6531430,241705.11,2727362.44,20191209,表水,0.5m,氣溫,Temperature,TMP,20.2,℃
2155,永和山水庫三,"Yung-Ho-Shan Reservoir III",永和山水庫,苗栗縣,三灣鄉,120.9180520,24.6531430,241705.11,2727362.44,20191209,表水,0.5m,採樣深度,"Sampling Depth",SDP,0.5,m
2155,永和山水庫三,"Yung-Ho-Shan Reservoir III",永和山水庫,苗栗縣,三灣鄉,120.9180520,24.6531430,241705.11,2727362.44,20191209,表水,0.5m,導電度,Conductivity,EC,232,μmho/cm25℃
2155,永和山水庫三,"Yung-Ho-Shan Reservoir III",永和山水庫,苗栗縣,三灣鄉,120.9180520,24.6531430,241705.11,2727362.44,20191209,表水,0.5m,濁度,Turbidity,TB,1.7,NTU
2155,永和山水庫三,"Yung-Ho-Shan Reservoir III",永和山水庫,苗栗縣,三灣鄉,120.9180520,24.6531430,241705.11,2727362.44,20191209,表水,0.5m,酸鹼值,pH,pH,8.06,
2155,永和山水庫三,"Yung-Ho-Shan Reservoir III",永和山水庫,苗栗縣,三灣鄉,120.9180520,24.6531430,241705.11,2727362.44,20191209,表水,0.5m,透明度,Transparency,SD,2.2,m
2155,永和山水庫三,"Yung-Ho-Shan Reservoir III",永和山水庫,苗栗縣,三灣鄉,120.9180520,24.6531430,241705.11,2727362.44,20191209,表水,0.5m,水溫,"Water Temperature",WT,19.6,℃
2155,永和山水庫三,"Yung-Ho-Shan Reservoir III",永和山水庫,苗栗縣,三灣鄉,120.9180520,24.6531430,241705.11,2727362.44,20191209,表水,0.5m,卡爾森指數,"Carlson Trophic State Index",CTSI,43.37,
2154,永和山水庫二,"Yung-Ho-Shan Reservoir II",永和山水庫,苗栗縣,三灣鄉,120.9324960,24.6547620,243167.24,2727540.96,20191209,表水,0.5m,葉綠素a,Chlorophyl-A,Chl-A,2.4,μg/L
2154,永和山水庫二,"Yung-Ho-Shan Reservoir II",永和山水庫,苗栗縣,三灣鄉,120.9324960,24.6547620,243167.24,2727540.96,20191209,表水,0.5m,總磷,Total-Phosphate,TP,0.012,mg/L
2154,永和山水庫二,"Yung-Ho-Shan Reservoir II",永和山水庫,苗栗縣,三灣鄉,120.9324960,24.6547620,243167.24,2727540.96,20191209,表水,0.5m,溶氧飽和度,"Dissolved Oxygen Saturation",DOS,85.4,%
2154,永和山水庫二,"Yung-Ho-Shan Reservoir II",永和山水庫,苗栗縣,三灣鄉,120.9324960,24.6547620,243167.24,2727540.96,20191209,表水,0.5m,氨氮,NH3-N,NH3-N,0.03,mg/L
2154,永和山水庫二,"Yung-Ho-Shan Reservoir II",永和山水庫,苗栗縣,三灣鄉,120.9324960,24.6547620,243167.24,2727540.96,20191209,表水,0.5m,總有機碳,"Total Organic Carbon",TOC,0.96,mg/L
2154,永和山水庫二,"Yung-Ho-Shan Reservoir II",永和山水庫,苗栗縣,三灣鄉,120.9324960,24.6547620,243167.24,2727540.96,20191209,表水,0.5m,化學需氧量,"Chemical Oxygen Demand",COD,<4.0,mg/L
2154,永和山水庫二,"Yung-Ho-Shan Reservoir II",永和山水庫,苗栗縣,三灣鄉,120.9324960,24.6547620,243167.24,2727540.96,20191209,表水,0.5m,溶氧(電極法),"Dissolved Oxygen",DO,7.8,mg/L
2154,永和山水庫二,"Yung-Ho-Shan Reservoir II",永和山水庫,苗栗縣,三灣鄉,120.9324960,24.6547620,243167.24,2727540.96,20191209,表水,0.5m,懸浮固體,"Suspended Solid",SS,1.2,mg/L
2154,永和山水庫二,"Yung-Ho-Shan Reservoir II",永和山水庫,苗栗縣,三灣鄉,120.9324960,24.6547620,243167.24,2727540.96,20191209,表水,0.5m,氣溫,Temperature,TMP,19.6,℃
2154,永和山水庫二,"Yung-Ho-Shan Reservoir II",永和山水庫,苗栗縣,三灣鄉,120.9324960,24.6547620,243167.24,2727540.96,20191209,表水,0.5m,採樣深度,"Sampling Depth",SDP,0.5,m
2154,永和山水庫二,"Yung-Ho-Shan Reservoir II",永和山水庫,苗栗縣,三灣鄉,120.9324960,24.6547620,243167.24,2727540.96,20191209,表水,0.5m,導電度,Conductivity,EC,236,μmho/cm25℃
2154,永和山水庫二,"Yung-Ho-Shan Reservoir II",永和山水庫,苗栗縣,三灣鄉,120.9324960,24.6547620,243167.24,2727540.96,20191209,表水,0.5m,濁度,Turbidity,TB,1.2,NTU
2154,永和山水庫二,"Yung-Ho-Shan Reservoir II",永和山水庫,苗栗縣,三灣鄉,120.9324960,24.6547620,243167.24,2727540.96,20191209,表水,0.5m,酸鹼值,pH,pH,7.98,
2154,永和山水庫二,"Yung-Ho-Shan Reservoir II",永和山水庫,苗栗縣,三灣鄉,120.9324960,24.6547620,243167.24,2727540.96,20191209,表水,0.5m,透明度,Transparency,SD,2.4,m
2154,永和山水庫二,"Yung-Ho-Shan Reservoir II",永和山水庫,苗栗縣,三灣鄉,120.9324960,24.6547620,243167.24,2727540.96,20191209,表水,0.5m,水溫,"Water Temperature",WT,19.7,℃
2154,永和山水庫二,"Yung-Ho-Shan Reservoir II",永和山水庫,苗栗縣,三灣鄉,120.9324960,24.6547620,243167.24,2727540.96,20191209,表水,0.5m,卡爾森指數,"Carlson Trophic State Index",CTSI,42.19,
2153,永和山水庫一,"Yung-Ho-Shan Reservoir I",永和山水庫,苗栗縣,三灣鄉,120.9235040,24.6599080,242257.38,2728111.39,20191209,底水,29.3m,葉綠素a,Chlorophyl-A,Chl-A,2.1,μg/L
2153,永和山水庫一,"Yung-Ho-Shan Reservoir I",永和山水庫,苗栗縣,三灣鄉,120.9235040,24.6599080,242257.38,2728111.39,20191209,底水,29.3m,總磷,Total-Phosphate,TP,0.009,mg/L
2153,永和山水庫一,"Yung-Ho-Shan Reservoir I",永和山水庫,苗栗縣,三灣鄉,120.9235040,24.6599080,242257.38,2728111.39,20191209,底水,29.3m,溶氧飽和度,"Dissolved Oxygen Saturation",DOS,75.0,%
2153,永和山水庫一,"Yung-Ho-Shan Reservoir I",永和山水庫,苗栗縣,三灣鄉,120.9235040,24.6599080,242257.38,2728111.39,20191209,底水,29.3m,氨氮,NH3-N,NH3-N,0.10,mg/L
2153,永和山水庫一,"Yung-Ho-Shan Reservoir I",永和山水庫,苗栗縣,三灣鄉,120.9235040,24.6599080,242257.38,2728111.39,20191209,底水,29.3m,總有機碳,"Total Organic Carbon",TOC,0.91,mg/L
2153,永和山水庫一,"Yung-Ho-Shan Reservoir I",永和山水庫,苗栗縣,三灣鄉,120.9235040,24.6599080,242257.38,2728111.39,20191209,底水,29.3m,化學需氧量,"Chemical Oxygen Demand",COD,<4.0,mg/L
2153,永和山水庫一,"Yung-Ho-Shan Reservoir I",永和山水庫,苗栗縣,三灣鄉,120.9235040,24.6599080,242257.38,2728111.39,20191209,底水,29.3m,溶氧(電極法),"Dissolved Oxygen",DO,6.9,mg/L
2153,永和山水庫一,"Yung-Ho-Shan Reservoir I",永和山水庫,苗栗縣,三灣鄉,120.9235040,24.6599080,242257.38,2728111.39,20191209,底水,29.3m,懸浮固體,"Suspended Solid",SS,2.6,mg/L
2153,永和山水庫一,"Yung-Ho-Shan Reservoir I",永和山水庫,苗栗縣,三灣鄉,120.9235040,24.6599080,242257.38,2728111.39,20191209,底水,29.3m,氣溫,Temperature,TMP,18.9,℃
2153,永和山水庫一,"Yung-Ho-Shan Reservoir I",永和山水庫,苗栗縣,三灣鄉,120.9235040,24.6599080,242257.38,2728111.39,20191209,底水,29.3m,採樣深度,"Sampling Depth",SDP,29.3,m
2153,永和山水庫一,"Yung-Ho-Shan Reservoir I",永和山水庫,苗栗縣,三灣鄉,120.9235040,24.6599080,242257.38,2728111.39,20191209,底水,29.3m,導電度,Conductivity,EC,237,μmho/cm25℃
2153,永和山水庫一,"Yung-Ho-Shan Reservoir I",永和山水庫,苗栗縣,三灣鄉,120.9235040,24.6599080,242257.38,2728111.39,20191209,底水,29.3m,濁度,Turbidity,TB,1.9,NTU
2153,永和山水庫一,"Yung-Ho-Shan Reservoir I",永和山水庫,苗栗縣,三灣鄉,120.9235040,24.6599080,242257.38,2728111.39,20191209,底水,29.3m,酸鹼值,pH,pH,7.96,
2153,永和山水庫一,"Yung-Ho-Shan Reservoir I",永和山水庫,苗栗縣,三灣鄉,120.9235040,24.6599080,242257.38,2728111.39,20191209,底水,29.3m,透明度,Transparency,SD,-,m
2153,永和山水庫一,"Yung-Ho-Shan Reservoir I",永和山水庫,苗栗縣,三灣鄉,120.9235040,24.6599080,242257.38,2728111.39,20191209,底水,29.3m,水溫,"Water Temperature",WT,19.3,℃
2153,永和山水庫一,"Yung-Ho-Shan Reservoir I",永和山水庫,苗栗縣,三灣鄉,120.9235040,24.6599080,242257.38,2728111.39,20191209,中水,15.2m,葉綠素a,Chlorophyl-A,Chl-A,2.4,μg/L
2153,永和山水庫一,"Yung-Ho-Shan Reservoir I",永和山水庫,苗栗縣,三灣鄉,120.9235040,24.6599080,242257.38,2728111.39,20191209,中水,15.2m,總磷,Total-Phosphate,TP,0.013,mg/L
2153,永和山水庫一,"Yung-Ho-Shan Reservoir I",永和山水庫,苗栗縣,三灣鄉,120.9235040,24.6599080,242257.38,2728111.39,20191209,中水,15.2m,溶氧飽和度,"Dissolved Oxygen Saturation",DOS,83.4,%
2153,永和山水庫一,"Yung-Ho-Shan Reservoir I",永和山水庫,苗栗縣,三灣鄉,120.9235040,24.6599080,242257.38,2728111.39,20191209,中水,15.2m,氨氮,NH3-N,NH3-N,0.08,mg/L
2153,永和山水庫一,"Yung-Ho-Shan Reservoir I",永和山水庫,苗栗縣,三灣鄉,120.9235040,24.6599080,242257.38,2728111.39,20191209,中水,15.2m,總有機碳,"Total Organic Carbon",TOC,0.93,mg/L
2153,永和山水庫一,"Yung-Ho-Shan Reservoir I",永和山水庫,苗栗縣,三灣鄉,120.9235040,24.6599080,242257.38,2728111.39,20191209,中水,15.2m,化學需氧量,"Chemical Oxygen Demand",COD,<4.0,mg/L
2153,永和山水庫一,"Yung-Ho-Shan Reservoir I",永和山水庫,苗栗縣,三灣鄉,120.9235040,24.6599080,242257.38,2728111.39,20191209,中水,15.2m,溶氧(電極法),"Dissolved Oxygen",DO,7.6,mg/L
2153,永和山水庫一,"Yung-Ho-Shan Reservoir I",永和山水庫,苗栗縣,三灣鄉,120.9235040,24.6599080,242257.38,2728111.39,20191209,中水,15.2m,懸浮固體,"Suspended Solid",SS,2.0,mg/L
2153,永和山水庫一,"Yung-Ho-Shan Reservoir I",永和山水庫,苗栗縣,三灣鄉,120.9235040,24.6599080,242257.38,2728111.39,20191209,中水,15.2m,氣溫,Temperature,TMP,18.9,℃
2153,永和山水庫一,"Yung-Ho-Shan Reservoir I",永和山水庫,苗栗縣,三灣鄉,120.9235040,24.6599080,242257.38,2728111.39,20191209,中水,15.2m,採樣深度,"Sampling Depth",SDP,15.2,m
2153,永和山水庫一,"Yung-Ho-Shan Reservoir I",永和山水庫,苗栗縣,三灣鄉,120.9235040,24.6599080,242257.38,2728111.39,20191209,中水,15.2m,導電度,Conductivity,EC,235,μmho/cm25℃
2153,永和山水庫一,"Yung-Ho-Shan Reservoir I",永和山水庫,苗栗縣,三灣鄉,120.9235040,24.6599080,242257.38,2728111.39,20191209,中水,15.2m,濁度,Turbidity,TB,1.8,NTU
2153,永和山水庫一,"Yung-Ho-Shan Reservoir I",永和山水庫,苗栗縣,三灣鄉,120.9235040,24.6599080,242257.38,2728111.39,20191209,中水,15.2m,酸鹼值,pH,pH,8.02,
2153,永和山水庫一,"Yung-Ho-Shan Reservoir I",永和山水庫,苗栗縣,三灣鄉,120.9235040,24.6599080,242257.38,2728111.39,20191209,中水,15.2m,透明度,Transparency,SD,-,m
2153,永和山水庫一,"Yung-Ho-Shan Reservoir I",永和山水庫,苗栗縣,三灣鄉,120.9235040,24.6599080,242257.38,2728111.39,20191209,中水,15.2m,水溫,"Water Temperature",WT,19.5,℃
2153,永和山水庫一,"Yung-Ho-Shan Reservoir I",永和山水庫,苗栗縣,三灣鄉,120.9235040,24.6599080,242257.38,2728111.39,20191209,表水,0.5m,葉綠素a,Chlorophyl-A,Chl-A,2.6,μg/L
2153,永和山水庫一,"Yung-Ho-Shan Reservoir I",永和山水庫,苗栗縣,三灣鄉,120.9235040,24.6599080,242257.38,2728111.39,20191209,表水,0.5m,總磷,Total-Phosphate,TP,0.016,mg/L
2153,永和山水庫一,"Yung-Ho-Shan Reservoir I",永和山水庫,苗栗縣,三灣鄉,120.9235040,24.6599080,242257.38,2728111.39,20191209,表水,0.5m,溶氧飽和度,"Dissolved Oxygen Saturation",DOS,85.2,%
2153,永和山水庫一,"Yung-Ho-Shan Reservoir I",永和山水庫,苗栗縣,三灣鄉,120.9235040,24.6599080,242257.38,2728111.39,20191209,表水,0.5m,氨氮,NH3-N,NH3-N,0.05,mg/L
2153,永和山水庫一,"Yung-Ho-Shan Reservoir I",永和山水庫,苗栗縣,三灣鄉,120.9235040,24.6599080,242257.38,2728111.39,20191209,表水,0.5m,總有機碳,"Total Organic Carbon",TOC,1.04,mg/L
2153,永和山水庫一,"Yung-Ho-Shan Reservoir I",永和山水庫,苗栗縣,三灣鄉,120.9235040,24.6599080,242257.38,2728111.39,20191209,表水,0.5m,化學需氧量,"Chemical Oxygen Demand",COD,<4.0,mg/L
2153,永和山水庫一,"Yung-Ho-Shan Reservoir I",永和山水庫,苗栗縣,三灣鄉,120.9235040,24.6599080,242257.38,2728111.39,20191209,表水,0.5m,溶氧(電極法),"Dissolved Oxygen",DO,7.8,mg/L
2153,永和山水庫一,"Yung-Ho-Shan Reservoir I",永和山水庫,苗栗縣,三灣鄉,120.9235040,24.6599080,242257.38,2728111.39,20191209,表水,0.5m,懸浮固體,"Suspended Solid",SS,2.7,mg/L
2153,永和山水庫一,"Yung-Ho-Shan Reservoir I",永和山水庫,苗栗縣,三灣鄉,120.9235040,24.6599080,242257.38,2728111.39,20191209,表水,0.5m,氣溫,Temperature,TMP,18.9,℃
2153,永和山水庫一,"Yung-Ho-Shan Reservoir I",永和山水庫,苗栗縣,三灣鄉,120.9235040,24.6599080,242257.38,2728111.39,20191209,表水,0.5m,採樣深度,"Sampling Depth",SDP,0.5,m
2153,永和山水庫一,"Yung-Ho-Shan Reservoir I",永和山水庫,苗栗縣,三灣鄉,120.9235040,24.6599080,242257.38,2728111.39,20191209,表水,0.5m,導電度,Conductivity,EC,240,μmho/cm25℃
2153,永和山水庫一,"Yung-Ho-Shan Reservoir I",永和山水庫,苗栗縣,三灣鄉,120.9235040,24.6599080,242257.38,2728111.39,20191209,表水,0.5m,濁度,Turbidity,TB,2.5,NTU
2153,永和山水庫一,"Yung-Ho-Shan Reservoir I",永和山水庫,苗栗縣,三灣鄉,120.9235040,24.6599080,242257.38,2728111.39,20191209,表水,0.5m,酸鹼值,pH,pH,7.97,
2153,永和山水庫一,"Yung-Ho-Shan Reservoir I",永和山水庫,苗栗縣,三灣鄉,120.9235040,24.6599080,242257.38,2728111.39,20191209,表水,0.5m,透明度,Transparency,SD,2.6,m
2153,永和山水庫一,"Yung-Ho-Shan Reservoir I",永和山水庫,苗栗縣,三灣鄉,120.9235040,24.6599080,242257.38,2728111.39,20191209,表水,0.5m,水溫,"Water Temperature",WT,19.6,℃
2153,永和山水庫一,"Yung-Ho-Shan Reservoir I",永和山水庫,苗栗縣,三灣鄉,120.9235040,24.6599080,242257.38,2728111.39,20191209,表水,0.5m,卡爾森指數,"Carlson Trophic State Index",CTSI,43.45,
2104,寶山水庫四,"Pao-Shan Reservoir IV",寶山水庫,新竹縣,寶山鄉,121.0424370,24.7483520,254292.28,2737905.73,20191209,底水,18.5m,葉綠素a,Chlorophyl-A,Chl-A,2.8,μg/L
2104,寶山水庫四,"Pao-Shan Reservoir IV",寶山水庫,新竹縣,寶山鄉,121.0424370,24.7483520,254292.28,2737905.73,20191209,底水,18.5m,總磷,Total-Phosphate,TP,0.031,mg/L
2104,寶山水庫四,"Pao-Shan Reservoir IV",寶山水庫,新竹縣,寶山鄉,121.0424370,24.7483520,254292.28,2737905.73,20191209,底水,18.5m,溶氧飽和度,"Dissolved Oxygen Saturation",DOS,70.9,%
2104,寶山水庫四,"Pao-Shan Reservoir IV",寶山水庫,新竹縣,寶山鄉,121.0424370,24.7483520,254292.28,2737905.73,20191209,底水,18.5m,氨氮,NH3-N,NH3-N,0.02,mg/L
2104,寶山水庫四,"Pao-Shan Reservoir IV",寶山水庫,新竹縣,寶山鄉,121.0424370,24.7483520,254292.28,2737905.73,20191209,底水,18.5m,總有機碳,"Total Organic Carbon",TOC,0.90,mg/L
2104,寶山水庫四,"Pao-Shan Reservoir IV",寶山水庫,新竹縣,寶山鄉,121.0424370,24.7483520,254292.28,2737905.73,20191209,底水,18.5m,化學需氧量,"Chemical Oxygen Demand",COD,9.8,mg/L
2104,寶山水庫四,"Pao-Shan Reservoir IV",寶山水庫,新竹縣,寶山鄉,121.0424370,24.7483520,254292.28,2737905.73,20191209,底水,18.5m,溶氧(電極法),"Dissolved Oxygen",DO,6.8,mg/L
2104,寶山水庫四,"Pao-Shan Reservoir IV",寶山水庫,新竹縣,寶山鄉,121.0424370,24.7483520,254292.28,2737905.73,20191209,底水,18.5m,懸浮固體,"Suspended Solid",SS,15.1,mg/L
2104,寶山水庫四,"Pao-Shan Reservoir IV",寶山水庫,新竹縣,寶山鄉,121.0424370,24.7483520,254292.28,2737905.73,20191209,底水,18.5m,氣溫,Temperature,TMP,20.2,℃
2104,寶山水庫四,"Pao-Shan Reservoir IV",寶山水庫,新竹縣,寶山鄉,121.0424370,24.7483520,254292.28,2737905.73,20191209,底水,18.5m,採樣深度,"Sampling Depth",SDP,18.5,m
2104,寶山水庫四,"Pao-Shan Reservoir IV",寶山水庫,新竹縣,寶山鄉,121.0424370,24.7483520,254292.28,2737905.73,20191209,底水,18.5m,導電度,Conductivity,EC,307,μmho/cm25℃
2104,寶山水庫四,"Pao-Shan Reservoir IV",寶山水庫,新竹縣,寶山鄉,121.0424370,24.7483520,254292.28,2737905.73,20191209,底水,18.5m,濁度,Turbidity,TB,13,NTU
2104,寶山水庫四,"Pao-Shan Reservoir IV",寶山水庫,新竹縣,寶山鄉,121.0424370,24.7483520,254292.28,2737905.73,20191209,底水,18.5m,酸鹼值,pH,pH,7.94,
2104,寶山水庫四,"Pao-Shan Reservoir IV",寶山水庫,新竹縣,寶山鄉,121.0424370,24.7483520,254292.28,2737905.73,20191209,底水,18.5m,透明度,Transparency,SD,-,m
2104,寶山水庫四,"Pao-Shan Reservoir IV",寶山水庫,新竹縣,寶山鄉,121.0424370,24.7483520,254292.28,2737905.73,20191209,底水,18.5m,水溫,"Water Temperature",WT,17.0,℃
2104,寶山水庫四,"Pao-Shan Reservoir IV",寶山水庫,新竹縣,寶山鄉,121.0424370,24.7483520,254292.28,2737905.73,20191209,中水,9.8m,葉綠素a,Chlorophyl-A,Chl-A,2.6,μg/L
2104,寶山水庫四,"Pao-Shan Reservoir IV",寶山水庫,新竹縣,寶山鄉,121.0424370,24.7483520,254292.28,2737905.73,20191209,中水,9.8m,總磷,Total-Phosphate,TP,0.019,mg/L
2104,寶山水庫四,"Pao-Shan Reservoir IV",寶山水庫,新竹縣,寶山鄉,121.0424370,24.7483520,254292.28,2737905.73,20191209,中水,9.8m,溶氧飽和度,"Dissolved Oxygen Saturation",DOS,82.7,%
2104,寶山水庫四,"Pao-Shan Reservoir IV",寶山水庫,新竹縣,寶山鄉,121.0424370,24.7483520,254292.28,2737905.73,20191209,中水,9.8m,氨氮,NH3-N,NH3-N,0.01,mg/L
2104,寶山水庫四,"Pao-Shan Reservoir IV",寶山水庫,新竹縣,寶山鄉,121.0424370,24.7483520,254292.28,2737905.73,20191209,中水,9.8m,總有機碳,"Total Organic Carbon",TOC,0.87,mg/L
2104,寶山水庫四,"Pao-Shan Reservoir IV",寶山水庫,新竹縣,寶山鄉,121.0424370,24.7483520,254292.28,2737905.73,20191209,中水,9.8m,化學需氧量,"Chemical Oxygen Demand",COD,9.4,mg/L
2104,寶山水庫四,"Pao-Shan Reservoir IV",寶山水庫,新竹縣,寶山鄉,121.0424370,24.7483520,254292.28,2737905.73,20191209,中水,9.8m,溶氧(電極法),"Dissolved Oxygen",DO,7.9,mg/L
2104,寶山水庫四,"Pao-Shan Reservoir IV",寶山水庫,新竹縣,寶山鄉,121.0424370,24.7483520,254292.28,2737905.73,20191209,中水,9.8m,懸浮固體,"Suspended Solid",SS,5.6,mg/L
2104,寶山水庫四,"Pao-Shan Reservoir IV",寶山水庫,新竹縣,寶山鄉,121.0424370,24.7483520,254292.28,2737905.73,20191209,中水,9.8m,氣溫,Temperature,TMP,20.2,℃
2104,寶山水庫四,"Pao-Shan Reservoir IV",寶山水庫,新竹縣,寶山鄉,121.0424370,24.7483520,254292.28,2737905.73,20191209,中水,9.8m,採樣深度,"Sampling Depth",SDP,9.8,m
2104,寶山水庫四,"Pao-Shan Reservoir IV",寶山水庫,新竹縣,寶山鄉,121.0424370,24.7483520,254292.28,2737905.73,20191209,中水,9.8m,導電度,Conductivity,EC,295,μmho/cm25℃
2104,寶山水庫四,"Pao-Shan Reservoir IV",寶山水庫,新竹縣,寶山鄉,121.0424370,24.7483520,254292.28,2737905.73,20191209,中水,9.8m,濁度,Turbidity,TB,4.8,NTU
2104,寶山水庫四,"Pao-Shan Reservoir IV",寶山水庫,新竹縣,寶山鄉,121.0424370,24.7483520,254292.28,2737905.73,20191209,中水,9.8m,酸鹼值,pH,pH,7.98,
2104,寶山水庫四,"Pao-Shan Reservoir IV",寶山水庫,新竹縣,寶山鄉,121.0424370,24.7483520,254292.28,2737905.73,20191209,中水,9.8m,透明度,Transparency,SD,-,m
2104,寶山水庫四,"Pao-Shan Reservoir IV",寶山水庫,新竹縣,寶山鄉,121.0424370,24.7483520,254292.28,2737905.73,20191209,中水,9.8m,水溫,"Water Temperature",WT,17.4,℃
2104,寶山水庫四,"Pao-Shan Reservoir IV",寶山水庫,新竹縣,寶山鄉,121.0424370,24.7483520,254292.28,2737905.73,20191209,表水,0.5m,葉綠素a,Chlorophyl-A,Chl-A,1.9,μg/L
2104,寶山水庫四,"Pao-Shan Reservoir IV",寶山水庫,新竹縣,寶山鄉,121.0424370,24.7483520,254292.28,2737905.73,20191209,表水,0.5m,總磷,Total-Phosphate,TP,0.019,mg/L
2104,寶山水庫四,"Pao-Shan Reservoir IV",寶山水庫,新竹縣,寶山鄉,121.0424370,24.7483520,254292.28,2737905.73,20191209,表水,0.5m,溶氧飽和度,"Dissolved Oxygen Saturation",DOS,93.2,%
2104,寶山水庫四,"Pao-Shan Reservoir IV",寶山水庫,新竹縣,寶山鄉,121.0424370,24.7483520,254292.28,2737905.73,20191209,表水,0.5m,氨氮,NH3-N,NH3-N,<0.01,mg/L
2104,寶山水庫四,"Pao-Shan Reservoir IV",寶山水庫,新竹縣,寶山鄉,121.0424370,24.7483520,254292.28,2737905.73,20191209,表水,0.5m,總有機碳,"Total Organic Carbon",TOC,0.82,mg/L
2104,寶山水庫四,"Pao-Shan Reservoir IV",寶山水庫,新竹縣,寶山鄉,121.0424370,24.7483520,254292.28,2737905.73,20191209,表水,0.5m,化學需氧量,"Chemical Oxygen Demand",COD,<4.0,mg/L
2104,寶山水庫四,"Pao-Shan Reservoir IV",寶山水庫,新竹縣,寶山鄉,121.0424370,24.7483520,254292.28,2737905.73,20191209,表水,0.5m,溶氧(電極法),"Dissolved Oxygen",DO,8.8,mg/L
2104,寶山水庫四,"Pao-Shan Reservoir IV",寶山水庫,新竹縣,寶山鄉,121.0424370,24.7483520,254292.28,2737905.73,20191209,表水,0.5m,懸浮固體,"Suspended Solid",SS,4.4,mg/L
2104,寶山水庫四,"Pao-Shan Reservoir IV",寶山水庫,新竹縣,寶山鄉,121.0424370,24.7483520,254292.28,2737905.73,20191209,表水,0.5m,氣溫,Temperature,TMP,20.1,℃
2104,寶山水庫四,"Pao-Shan Reservoir IV",寶山水庫,新竹縣,寶山鄉,121.0424370,24.7483520,254292.28,2737905.73,20191209,表水,0.5m,採樣深度,"Sampling Depth",SDP,0.5,m
2104,寶山水庫四,"Pao-Shan Reservoir IV",寶山水庫,新竹縣,寶山鄉,121.0424370,24.7483520,254292.28,2737905.73,20191209,表水,0.5m,導電度,Conductivity,EC,292,μmho/cm25℃
2104,寶山水庫四,"Pao-Shan Reservoir IV",寶山水庫,新竹縣,寶山鄉,121.0424370,24.7483520,254292.28,2737905.73,20191209,表水,0.5m,濁度,Turbidity,TB,3.9,NTU
2104,寶山水庫四,"Pao-Shan Reservoir IV",寶山水庫,新竹縣,寶山鄉,121.0424370,24.7483520,254292.28,2737905.73,20191209,表水,0.5m,酸鹼值,pH,pH,8.02,
2104,寶山水庫四,"Pao-Shan Reservoir IV",寶山水庫,新竹縣,寶山鄉,121.0424370,24.7483520,254292.28,2737905.73,20191209,表水,0.5m,透明度,Transparency,SD,1.8,m
2104,寶山水庫四,"Pao-Shan Reservoir IV",寶山水庫,新竹縣,寶山鄉,121.0424370,24.7483520,254292.28,2737905.73,20191209,表水,0.5m,水溫,"Water Temperature",WT,17.6,℃
2104,寶山水庫四,"Pao-Shan Reservoir IV",寶山水庫,新竹縣,寶山鄉,121.0424370,24.7483520,254292.28,2737905.73,20191209,表水,0.5m,卡爾森指數,"Carlson Trophic State Index",CTSI,45.01,
2103,寶山水庫三,"Pao-Shan Reservoir III",寶山水庫,新竹縣,寶山鄉,121.0440190,24.7418770,254452.52,2737188.62,20191209,表水,0.5m,葉綠素a,Chlorophyl-A,Chl-A,2.8,μg/L
2103,寶山水庫三,"Pao-Shan Reservoir III",寶山水庫,新竹縣,寶山鄉,121.0440190,24.7418770,254452.52,2737188.62,20191209,表水,0.5m,總磷,Total-Phosphate,TP,0.020,mg/L
2103,寶山水庫三,"Pao-Shan Reservoir III",寶山水庫,新竹縣,寶山鄉,121.0440190,24.7418770,254452.52,2737188.62,20191209,表水,0.5m,溶氧飽和度,"Dissolved Oxygen Saturation",DOS,97.9,%
2103,寶山水庫三,"Pao-Shan Reservoir III",寶山水庫,新竹縣,寶山鄉,121.0440190,24.7418770,254452.52,2737188.62,20191209,表水,0.5m,氨氮,NH3-N,NH3-N,0.02,mg/L
2103,寶山水庫三,"Pao-Shan Reservoir III",寶山水庫,新竹縣,寶山鄉,121.0440190,24.7418770,254452.52,2737188.62,20191209,表水,0.5m,總有機碳,"Total Organic Carbon",TOC,0.98,mg/L
2103,寶山水庫三,"Pao-Shan Reservoir III",寶山水庫,新竹縣,寶山鄉,121.0440190,24.7418770,254452.52,2737188.62,20191209,表水,0.5m,化學需氧量,"Chemical Oxygen Demand",COD,7.1,mg/L
2103,寶山水庫三,"Pao-Shan Reservoir III",寶山水庫,新竹縣,寶山鄉,121.0440190,24.7418770,254452.52,2737188.62,20191209,表水,0.5m,溶氧(電極法),"Dissolved Oxygen",DO,9.3,mg/L
2103,寶山水庫三,"Pao-Shan Reservoir III",寶山水庫,新竹縣,寶山鄉,121.0440190,24.7418770,254452.52,2737188.62,20191209,表水,0.5m,懸浮固體,"Suspended Solid",SS,4.0,mg/L
2103,寶山水庫三,"Pao-Shan Reservoir III",寶山水庫,新竹縣,寶山鄉,121.0440190,24.7418770,254452.52,2737188.62,20191209,表水,0.5m,氣溫,Temperature,TMP,19.5,℃
2103,寶山水庫三,"Pao-Shan Reservoir III",寶山水庫,新竹縣,寶山鄉,121.0440190,24.7418770,254452.52,2737188.62,20191209,表水,0.5m,採樣深度,"Sampling Depth",SDP,0.5,m
2103,寶山水庫三,"Pao-Shan Reservoir III",寶山水庫,新竹縣,寶山鄉,121.0440190,24.7418770,254452.52,2737188.62,20191209,表水,0.5m,導電度,Conductivity,EC,285,μmho/cm25℃
2103,寶山水庫三,"Pao-Shan Reservoir III",寶山水庫,新竹縣,寶山鄉,121.0440190,24.7418770,254452.52,2737188.62,20191209,表水,0.5m,濁度,Turbidity,TB,3.5,NTU
2103,寶山水庫三,"Pao-Shan Reservoir III",寶山水庫,新竹縣,寶山鄉,121.0440190,24.7418770,254452.52,2737188.62,20191209,表水,0.5m,酸鹼值,pH,pH,8.06,
2103,寶山水庫三,"Pao-Shan Reservoir III",寶山水庫,新竹縣,寶山鄉,121.0440190,24.7418770,254452.52,2737188.62,20191209,表水,0.5m,透明度,Transparency,SD,1.8,m
2103,寶山水庫三,"Pao-Shan Reservoir III",寶山水庫,新竹縣,寶山鄉,121.0440190,24.7418770,254452.52,2737188.62,20191209,表水,0.5m,水溫,"Water Temperature",WT,17.4,℃
2103,寶山水庫三,"Pao-Shan Reservoir III",寶山水庫,新竹縣,寶山鄉,121.0440190,24.7418770,254452.52,2737188.62,20191209,表水,0.5m,卡爾森指數,"Carlson Trophic State Index",CTSI,46.53,
2102,寶山水庫二,"Pao-Shan Reservoir II",寶山水庫,新竹縣,寶山鄉,121.0467150,24.7486870,254724.97,2737942.97,20191209,表水,0.5m,葉綠素a,Chlorophyl-A,Chl-A,1.7,μg/L
2102,寶山水庫二,"Pao-Shan Reservoir II",寶山水庫,新竹縣,寶山鄉,121.0467150,24.7486870,254724.97,2737942.97,20191209,表水,0.5m,總磷,Total-Phosphate,TP,0.025,mg/L
2102,寶山水庫二,"Pao-Shan Reservoir II",寶山水庫,新竹縣,寶山鄉,121.0467150,24.7486870,254724.97,2737942.97,20191209,表水,0.5m,溶氧飽和度,"Dissolved Oxygen Saturation",DOS,91.5,%
2102,寶山水庫二,"Pao-Shan Reservoir II",寶山水庫,新竹縣,寶山鄉,121.0467150,24.7486870,254724.97,2737942.97,20191209,表水,0.5m,氨氮,NH3-N,NH3-N,0.01,mg/L
2102,寶山水庫二,"Pao-Shan Reservoir II",寶山水庫,新竹縣,寶山鄉,121.0467150,24.7486870,254724.97,2737942.97,20191209,表水,0.5m,總有機碳,"Total Organic Carbon",TOC,0.77,mg/L
2102,寶山水庫二,"Pao-Shan Reservoir II",寶山水庫,新竹縣,寶山鄉,121.0467150,24.7486870,254724.97,2737942.97,20191209,表水,0.5m,化學需氧量,"Chemical Oxygen Demand",COD,9.1,mg/L
2102,寶山水庫二,"Pao-Shan Reservoir II",寶山水庫,新竹縣,寶山鄉,121.0467150,24.7486870,254724.97,2737942.97,20191209,表水,0.5m,溶氧(電極法),"Dissolved Oxygen",DO,8.6,mg/L
2102,寶山水庫二,"Pao-Shan Reservoir II",寶山水庫,新竹縣,寶山鄉,121.0467150,24.7486870,254724.97,2737942.97,20191209,表水,0.5m,懸浮固體,"Suspended Solid",SS,5.6,mg/L
2102,寶山水庫二,"Pao-Shan Reservoir II",寶山水庫,新竹縣,寶山鄉,121.0467150,24.7486870,254724.97,2737942.97,20191209,表水,0.5m,氣溫,Temperature,TMP,18.7,℃
2102,寶山水庫二,"Pao-Shan Reservoir II",寶山水庫,新竹縣,寶山鄉,121.0467150,24.7486870,254724.97,2737942.97,20191209,表水,0.5m,採樣深度,"Sampling Depth",SDP,0.5,m
2102,寶山水庫二,"Pao-Shan Reservoir II",寶山水庫,新竹縣,寶山鄉,121.0467150,24.7486870,254724.97,2737942.97,20191209,表水,0.5m,導電度,Conductivity,EC,294,μmho/cm25℃
2102,寶山水庫二,"Pao-Shan Reservoir II",寶山水庫,新竹縣,寶山鄉,121.0467150,24.7486870,254724.97,2737942.97,20191209,表水,0.5m,濁度,Turbidity,TB,4.3,NTU
2102,寶山水庫二,"Pao-Shan Reservoir II",寶山水庫,新竹縣,寶山鄉,121.0467150,24.7486870,254724.97,2737942.97,20191209,表水,0.5m,酸鹼值,pH,pH,7.99,
2102,寶山水庫二,"Pao-Shan Reservoir II",寶山水庫,新竹縣,寶山鄉,121.0467150,24.7486870,254724.97,2737942.97,20191209,表水,0.5m,透明度,Transparency,SD,1.4,m
2102,寶山水庫二,"Pao-Shan Reservoir II",寶山水庫,新竹縣,寶山鄉,121.0467150,24.7486870,254724.97,2737942.97,20191209,表水,0.5m,水溫,"Water Temperature",WT,17.6,℃
2102,寶山水庫二,"Pao-Shan Reservoir II",寶山水庫,新竹縣,寶山鄉,121.0467150,24.7486870,254724.97,2737942.97,20191209,表水,0.5m,卡爾森指數,"Carlson Trophic State Index",CTSI,47.17,
2101,寶山水庫一,"Pao-Shan Reservoir I",寶山水庫,新竹縣,寶山鄉,121.0569070,24.7460200,255755.95,2737647.97,20191209,表水,0.5m,葉綠素a,Chlorophyl-A,Chl-A,2.7,μg/L
2101,寶山水庫一,"Pao-Shan Reservoir I",寶山水庫,新竹縣,寶山鄉,121.0569070,24.7460200,255755.95,2737647.97,20191209,表水,0.5m,總磷,Total-Phosphate,TP,0.017,mg/L
2101,寶山水庫一,"Pao-Shan Reservoir I",寶山水庫,新竹縣,寶山鄉,121.0569070,24.7460200,255755.95,2737647.97,20191209,表水,0.5m,溶氧飽和度,"Dissolved Oxygen Saturation",DOS,95.9,%
2101,寶山水庫一,"Pao-Shan Reservoir I",寶山水庫,新竹縣,寶山鄉,121.0569070,24.7460200,255755.95,2737647.97,20191209,表水,0.5m,氨氮,NH3-N,NH3-N,0.01,mg/L
2101,寶山水庫一,"Pao-Shan Reservoir I",寶山水庫,新竹縣,寶山鄉,121.0569070,24.7460200,255755.95,2737647.97,20191209,表水,0.5m,總有機碳,"Total Organic Carbon",TOC,0.87,mg/L
2101,寶山水庫一,"Pao-Shan Reservoir I",寶山水庫,新竹縣,寶山鄉,121.0569070,24.7460200,255755.95,2737647.97,20191209,表水,0.5m,化學需氧量,"Chemical Oxygen Demand",COD,5.2,mg/L
2101,寶山水庫一,"Pao-Shan Reservoir I",寶山水庫,新竹縣,寶山鄉,121.0569070,24.7460200,255755.95,2737647.97,20191209,表水,0.5m,溶氧(電極法),"Dissolved Oxygen",DO,9.1,mg/L
2101,寶山水庫一,"Pao-Shan Reservoir I",寶山水庫,新竹縣,寶山鄉,121.0569070,24.7460200,255755.95,2737647.97,20191209,表水,0.5m,懸浮固體,"Suspended Solid",SS,4.6,mg/L
2101,寶山水庫一,"Pao-Shan Reservoir I",寶山水庫,新竹縣,寶山鄉,121.0569070,24.7460200,255755.95,2737647.97,20191209,表水,0.5m,氣溫,Temperature,TMP,17.8,℃
2101,寶山水庫一,"Pao-Shan Reservoir I",寶山水庫,新竹縣,寶山鄉,121.0569070,24.7460200,255755.95,2737647.97,20191209,表水,0.5m,採樣深度,"Sampling Depth",SDP,0.5,m
2101,寶山水庫一,"Pao-Shan Reservoir I",寶山水庫,新竹縣,寶山鄉,121.0569070,24.7460200,255755.95,2737647.97,20191209,表水,0.5m,導電度,Conductivity,EC,296,μmho/cm25℃
2101,寶山水庫一,"Pao-Shan Reservoir I",寶山水庫,新竹縣,寶山鄉,121.0569070,24.7460200,255755.95,2737647.97,20191209,表水,0.5m,濁度,Turbidity,TB,3.6,NTU
2101,寶山水庫一,"Pao-Shan Reservoir I",寶山水庫,新竹縣,寶山鄉,121.0569070,24.7460200,255755.95,2737647.97,20191209,表水,0.5m,酸鹼值,pH,pH,8.00,
2101,寶山水庫一,"Pao-Shan Reservoir I",寶山水庫,新竹縣,寶山鄉,121.0569070,24.7460200,255755.95,2737647.97,20191209,表水,0.5m,透明度,Transparency,SD,2.0,m
2101,寶山水庫一,"Pao-Shan Reservoir I",寶山水庫,新竹縣,寶山鄉,121.0569070,24.7460200,255755.95,2737647.97,20191209,表水,0.5m,水溫,"Water Temperature",WT,17.3,℃
2101,寶山水庫一,"Pao-Shan Reservoir I",寶山水庫,新竹縣,寶山鄉,121.0569070,24.7460200,255755.95,2737647.97,20191209,表水,0.5m,卡爾森指數,"Carlson Trophic State Index",CTSI,45.12,
2203,石門水庫六,"Shih-Men Reservoir VI",石門水庫,桃園市,大溪區,121.2663620,24.8107760,276927.68,2744845.32,20191205,表水,0.5m,葉綠素a,Chlorophyl-A,Chl-A,1.8,μg/L
2203,石門水庫六,"Shih-Men Reservoir VI",石門水庫,桃園市,大溪區,121.2663620,24.8107760,276927.68,2744845.32,20191205,表水,0.5m,總磷,Total-Phosphate,TP,0.028,mg/L
2203,石門水庫六,"Shih-Men Reservoir VI",石門水庫,桃園市,大溪區,121.2663620,24.8107760,276927.68,2744845.32,20191205,表水,0.5m,溶氧飽和度,"Dissolved Oxygen Saturation",DOS,93.4,%
2203,石門水庫六,"Shih-Men Reservoir VI",石門水庫,桃園市,大溪區,121.2663620,24.8107760,276927.68,2744845.32,20191205,表水,0.5m,氨氮,NH3-N,NH3-N,<0.01,mg/L
2203,石門水庫六,"Shih-Men Reservoir VI",石門水庫,桃園市,大溪區,121.2663620,24.8107760,276927.68,2744845.32,20191205,表水,0.5m,總有機碳,"Total Organic Carbon",TOC,0.67,mg/L
2203,石門水庫六,"Shih-Men Reservoir VI",石門水庫,桃園市,大溪區,121.2663620,24.8107760,276927.68,2744845.32,20191205,表水,0.5m,化學需氧量,"Chemical Oxygen Demand",COD,8.8,mg/L
2203,石門水庫六,"Shih-Men Reservoir VI",石門水庫,桃園市,大溪區,121.2663620,24.8107760,276927.68,2744845.32,20191205,表水,0.5m,溶氧(電極法),"Dissolved Oxygen",DO,8.4,mg/L
2203,石門水庫六,"Shih-Men Reservoir VI",石門水庫,桃園市,大溪區,121.2663620,24.8107760,276927.68,2744845.32,20191205,表水,0.5m,懸浮固體,"Suspended Solid",SS,4.8,mg/L
2203,石門水庫六,"Shih-Men Reservoir VI",石門水庫,桃園市,大溪區,121.2663620,24.8107760,276927.68,2744845.32,20191205,表水,0.5m,氣溫,Temperature,TMP,17.5,℃
2203,石門水庫六,"Shih-Men Reservoir VI",石門水庫,桃園市,大溪區,121.2663620,24.8107760,276927.68,2744845.32,20191205,表水,0.5m,採樣深度,"Sampling Depth",SDP,0.5,m
2203,石門水庫六,"Shih-Men Reservoir VI",石門水庫,桃園市,大溪區,121.2663620,24.8107760,276927.68,2744845.32,20191205,表水,0.5m,導電度,Conductivity,EC,206,μmho/cm25℃
2203,石門水庫六,"Shih-Men Reservoir VI",石門水庫,桃園市,大溪區,121.2663620,24.8107760,276927.68,2744845.32,20191205,表水,0.5m,濁度,Turbidity,TB,1.6,NTU
2203,石門水庫六,"Shih-Men Reservoir VI",石門水庫,桃園市,大溪區,121.2663620,24.8107760,276927.68,2744845.32,20191205,表水,0.5m,酸鹼值,pH,pH,8.14,
2203,石門水庫六,"Shih-Men Reservoir VI",石門水庫,桃園市,大溪區,121.2663620,24.8107760,276927.68,2744845.32,20191205,表水,0.5m,透明度,Transparency,SD,2.0,m
2203,石門水庫六,"Shih-Men Reservoir VI",石門水庫,桃園市,大溪區,121.2663620,24.8107760,276927.68,2744845.32,20191205,表水,0.5m,水溫,"Water Temperature",WT,19.6,℃
2203,石門水庫六,"Shih-Men Reservoir VI",石門水庫,桃園市,大溪區,121.2663620,24.8107760,276927.68,2744845.32,20191205,表水,0.5m,卡爾森指數,"Carlson Trophic State Index",CTSI,46.19,
2100,石門水庫五,"Shih-Men Reservoir V",石門水庫,桃園市,大溪區,121.2658620,24.8137760,276876.49,2745177.50,20191205,表水,0.5m,葉綠素a,Chlorophyl-A,Chl-A,1.4,μg/L
2100,石門水庫五,"Shih-Men Reservoir V",石門水庫,桃園市,大溪區,121.2658620,24.8137760,276876.49,2745177.50,20191205,表水,0.5m,總磷,Total-Phosphate,TP,0.015,mg/L
2100,石門水庫五,"Shih-Men Reservoir V",石門水庫,桃園市,大溪區,121.2658620,24.8137760,276876.49,2745177.50,20191205,表水,0.5m,溶氧飽和度,"Dissolved Oxygen Saturation",DOS,88.2,%
2100,石門水庫五,"Shih-Men Reservoir V",石門水庫,桃園市,大溪區,121.2658620,24.8137760,276876.49,2745177.50,20191205,表水,0.5m,氨氮,NH3-N,NH3-N,0.01,mg/L
2100,石門水庫五,"Shih-Men Reservoir V",石門水庫,桃園市,大溪區,121.2658620,24.8137760,276876.49,2745177.50,20191205,表水,0.5m,總有機碳,"Total Organic Carbon",TOC,0.57,mg/L
2100,石門水庫五,"Shih-Men Reservoir V",石門水庫,桃園市,大溪區,121.2658620,24.8137760,276876.49,2745177.50,20191205,表水,0.5m,化學需氧量,"Chemical Oxygen Demand",COD,5.8,mg/L
2100,石門水庫五,"Shih-Men Reservoir V",石門水庫,桃園市,大溪區,121.2658620,24.8137760,276876.49,2745177.50,20191205,表水,0.5m,溶氧(電極法),"Dissolved Oxygen",DO,7.9,mg/L
2100,石門水庫五,"Shih-Men Reservoir V",石門水庫,桃園市,大溪區,121.2658620,24.8137760,276876.49,2745177.50,20191205,表水,0.5m,懸浮固體,"Suspended Solid",SS,2.4,mg/L
2100,石門水庫五,"Shih-Men Reservoir V",石門水庫,桃園市,大溪區,121.2658620,24.8137760,276876.49,2745177.50,20191205,表水,0.5m,氣溫,Temperature,TMP,17.2,℃
2100,石門水庫五,"Shih-Men Reservoir V",石門水庫,桃園市,大溪區,121.2658620,24.8137760,276876.49,2745177.50,20191205,表水,0.5m,採樣深度,"Sampling Depth",SDP,0.5,m
2100,石門水庫五,"Shih-Men Reservoir V",石門水庫,桃園市,大溪區,121.2658620,24.8137760,276876.49,2745177.50,20191205,表水,0.5m,導電度,Conductivity,EC,202,μmho/cm25℃
2100,石門水庫五,"Shih-Men Reservoir V",石門水庫,桃園市,大溪區,121.2658620,24.8137760,276876.49,2745177.50,20191205,表水,0.5m,濁度,Turbidity,TB,1.4,NTU
2100,石門水庫五,"Shih-Men Reservoir V",石門水庫,桃園市,大溪區,121.2658620,24.8137760,276876.49,2745177.50,20191205,表水,0.5m,酸鹼值,pH,pH,8.06,
2100,石門水庫五,"Shih-Men Reservoir V",石門水庫,桃園市,大溪區,121.2658620,24.8137760,276876.49,2745177.50,20191205,表水,0.5m,透明度,Transparency,SD,1.4,m
2100,石門水庫五,"Shih-Men Reservoir V",石門水庫,桃園市,大溪區,121.2658620,24.8137760,276876.49,2745177.50,20191205,表水,0.5m,水溫,"Water Temperature",WT,20.2,℃
2100,石門水庫五,"Shih-Men Reservoir V",石門水庫,桃園市,大溪區,121.2658620,24.8137760,276876.49,2745177.50,20191205,表水,0.5m,卡爾森指數,"Carlson Trophic State Index",CTSI,44.08,
2099,石門水庫四,"Shih-Men Reservoir IV",石門水庫,桃園市,大溪區,121.2525580,24.8053160,275533.29,2744237.92,20191205,表水,0.5m,葉綠素a,Chlorophyl-A,Chl-A,1.5,μg/L
2099,石門水庫四,"Shih-Men Reservoir IV",石門水庫,桃園市,大溪區,121.2525580,24.8053160,275533.29,2744237.92,20191205,表水,0.5m,總磷,Total-Phosphate,TP,0.013,mg/L
2099,石門水庫四,"Shih-Men Reservoir IV",石門水庫,桃園市,大溪區,121.2525580,24.8053160,275533.29,2744237.92,20191205,表水,0.5m,溶氧飽和度,"Dissolved Oxygen Saturation",DOS,87.3,%
2099,石門水庫四,"Shih-Men Reservoir IV",石門水庫,桃園市,大溪區,121.2525580,24.8053160,275533.29,2744237.92,20191205,表水,0.5m,氨氮,NH3-N,NH3-N,<0.01,mg/L
2099,石門水庫四,"Shih-Men Reservoir IV",石門水庫,桃園市,大溪區,121.2525580,24.8053160,275533.29,2744237.92,20191205,表水,0.5m,總有機碳,"Total Organic Carbon",TOC,0.70,mg/L
2099,石門水庫四,"Shih-Men Reservoir IV",石門水庫,桃園市,大溪區,121.2525580,24.8053160,275533.29,2744237.92,20191205,表水,0.5m,化學需氧量,"Chemical Oxygen Demand",COD,4.1,mg/L
2099,石門水庫四,"Shih-Men Reservoir IV",石門水庫,桃園市,大溪區,121.2525580,24.8053160,275533.29,2744237.92,20191205,表水,0.5m,溶氧(電極法),"Dissolved Oxygen",DO,7.7,mg/L
2099,石門水庫四,"Shih-Men Reservoir IV",石門水庫,桃園市,大溪區,121.2525580,24.8053160,275533.29,2744237.92,20191205,表水,0.5m,懸浮固體,"Suspended Solid",SS,2.5,mg/L
2099,石門水庫四,"Shih-Men Reservoir IV",石門水庫,桃園市,大溪區,121.2525580,24.8053160,275533.29,2744237.92,20191205,表水,0.5m,氣溫,Temperature,TMP,16.9,℃
2099,石門水庫四,"Shih-Men Reservoir IV",石門水庫,桃園市,大溪區,121.2525580,24.8053160,275533.29,2744237.92,20191205,表水,0.5m,採樣深度,"Sampling Depth",SDP,0.5,m
2099,石門水庫四,"Shih-Men Reservoir IV",石門水庫,桃園市,大溪區,121.2525580,24.8053160,275533.29,2744237.92,20191205,表水,0.5m,導電度,Conductivity,EC,203,μmho/cm25℃
2099,石門水庫四,"Shih-Men Reservoir IV",石門水庫,桃園市,大溪區,121.2525580,24.8053160,275533.29,2744237.92,20191205,表水,0.5m,濁度,Turbidity,TB,1.1,NTU
2099,石門水庫四,"Shih-Men Reservoir IV",石門水庫,桃園市,大溪區,121.2525580,24.8053160,275533.29,2744237.92,20191205,表水,0.5m,酸鹼值,pH,pH,8.06,
2099,石門水庫四,"Shih-Men Reservoir IV",石門水庫,桃園市,大溪區,121.2525580,24.8053160,275533.29,2744237.92,20191205,表水,0.5m,透明度,Transparency,SD,2.0,m
2099,石門水庫四,"Shih-Men Reservoir IV",石門水庫,桃園市,大溪區,121.2525580,24.8053160,275533.29,2744237.92,20191205,表水,0.5m,水溫,"Water Temperature",WT,20.2,℃
2099,石門水庫四,"Shih-Men Reservoir IV",石門水庫,桃園市,大溪區,121.2525580,24.8053160,275533.29,2744237.92,20191205,表水,0.5m,卡爾森指數,"Carlson Trophic State Index",CTSI,41.91,
2098,石門水庫三,"Shih-Men Reservoir III",石門水庫,桃園市,大溪區,121.2527260,24.8111930,275549.07,2744888.89,20191205,表水,0.5m,葉綠素a,Chlorophyl-A,Chl-A,1.3,μg/L
2098,石門水庫三,"Shih-Men Reservoir III",石門水庫,桃園市,大溪區,121.2527260,24.8111930,275549.07,2744888.89,20191205,表水,0.5m,總磷,Total-Phosphate,TP,0.013,mg/L
2098,石門水庫三,"Shih-Men Reservoir III",石門水庫,桃園市,大溪區,121.2527260,24.8111930,275549.07,2744888.89,20191205,表水,0.5m,溶氧飽和度,"Dissolved Oxygen Saturation",DOS,86.0,%
2098,石門水庫三,"Shih-Men Reservoir III",石門水庫,桃園市,大溪區,121.2527260,24.8111930,275549.07,2744888.89,20191205,表水,0.5m,氨氮,NH3-N,NH3-N,<0.01,mg/L
2098,石門水庫三,"Shih-Men Reservoir III",石門水庫,桃園市,大溪區,121.2527260,24.8111930,275549.07,2744888.89,20191205,表水,0.5m,總有機碳,"Total Organic Carbon",TOC,0.56,mg/L
2098,石門水庫三,"Shih-Men Reservoir III",石門水庫,桃園市,大溪區,121.2527260,24.8111930,275549.07,2744888.89,20191205,表水,0.5m,化學需氧量,"Chemical Oxygen Demand",COD,4.8,mg/L
2098,石門水庫三,"Shih-Men Reservoir III",石門水庫,桃園市,大溪區,121.2527260,24.8111930,275549.07,2744888.89,20191205,表水,0.5m,溶氧(電極法),"Dissolved Oxygen",DO,7.7,mg/L
2098,石門水庫三,"Shih-Men Reservoir III",石門水庫,桃園市,大溪區,121.2527260,24.8111930,275549.07,2744888.89,20191205,表水,0.5m,懸浮固體,"Suspended Solid",SS,2.6,mg/L
2098,石門水庫三,"Shih-Men Reservoir III",石門水庫,桃園市,大溪區,121.2527260,24.8111930,275549.07,2744888.89,20191205,表水,0.5m,氣溫,Temperature,TMP,17.0,℃
2098,石門水庫三,"Shih-Men Reservoir III",石門水庫,桃園市,大溪區,121.2527260,24.8111930,275549.07,2744888.89,20191205,表水,0.5m,採樣深度,"Sampling Depth",SDP,0.5,m
2098,石門水庫三,"Shih-Men Reservoir III",石門水庫,桃園市,大溪區,121.2527260,24.8111930,275549.07,2744888.89,20191205,表水,0.5m,導電度,Conductivity,EC,262,μmho/cm25℃
2098,石門水庫三,"Shih-Men Reservoir III",石門水庫,桃園市,大溪區,121.2527260,24.8111930,275549.07,2744888.89,20191205,表水,0.5m,濁度,Turbidity,TB,1.2,NTU
2098,石門水庫三,"Shih-Men Reservoir III",石門水庫,桃園市,大溪區,121.2527260,24.8111930,275549.07,2744888.89,20191205,表水,0.5m,酸鹼值,pH,pH,8.06,
2098,石門水庫三,"Shih-Men Reservoir III",石門水庫,桃園市,大溪區,121.2527260,24.8111930,275549.07,2744888.89,20191205,表水,0.5m,透明度,Transparency,SD,2.4,m
2098,石門水庫三,"Shih-Men Reservoir III",石門水庫,桃園市,大溪區,121.2527260,24.8111930,275549.07,2744888.89,20191205,表水,0.5m,水溫,"Water Temperature",WT,20.1,℃
2098,石門水庫三,"Shih-Men Reservoir III",石門水庫,桃園市,大溪區,121.2527260,24.8111930,275549.07,2744888.89,20191205,表水,0.5m,卡爾森指數,"Carlson Trophic State Index",CTSI,40.56,
2097,石門水庫二,"Shih-Men Reservoir II",石門水庫,桃園市,大溪區,121.2445760,24.8099290,274725.40,2744747.39,20191205,表水,0.5m,葉綠素a,Chlorophyl-A,Chl-A,1.0,μg/L
2097,石門水庫二,"Shih-Men Reservoir II",石門水庫,桃園市,大溪區,121.2445760,24.8099290,274725.40,2744747.39,20191205,表水,0.5m,總磷,Total-Phosphate,TP,0.013,mg/L
2097,石門水庫二,"Shih-Men Reservoir II",石門水庫,桃園市,大溪區,121.2445760,24.8099290,274725.40,2744747.39,20191205,表水,0.5m,溶氧飽和度,"Dissolved Oxygen Saturation",DOS,85.0,%
2097,石門水庫二,"Shih-Men Reservoir II",石門水庫,桃園市,大溪區,121.2445760,24.8099290,274725.40,2744747.39,20191205,表水,0.5m,氨氮,NH3-N,NH3-N,<0.01,mg/L
2097,石門水庫二,"Shih-Men Reservoir II",石門水庫,桃園市,大溪區,121.2445760,24.8099290,274725.40,2744747.39,20191205,表水,0.5m,總有機碳,"Total Organic Carbon",TOC,0.54,mg/L
2097,石門水庫二,"Shih-Men Reservoir II",石門水庫,桃園市,大溪區,121.2445760,24.8099290,274725.40,2744747.39,20191205,表水,0.5m,化學需氧量,"Chemical Oxygen Demand",COD,7.0,mg/L
2097,石門水庫二,"Shih-Men Reservoir II",石門水庫,桃園市,大溪區,121.2445760,24.8099290,274725.40,2744747.39,20191205,表水,0.5m,溶氧(電極法),"Dissolved Oxygen",DO,7.6,mg/L
2097,石門水庫二,"Shih-Men Reservoir II",石門水庫,桃園市,大溪區,121.2445760,24.8099290,274725.40,2744747.39,20191205,表水,0.5m,懸浮固體,"Suspended Solid",SS,2.2,mg/L
2097,石門水庫二,"Shih-Men Reservoir II",石門水庫,桃園市,大溪區,121.2445760,24.8099290,274725.40,2744747.39,20191205,表水,0.5m,氣溫,Temperature,TMP,16.8,℃
2097,石門水庫二,"Shih-Men Reservoir II",石門水庫,桃園市,大溪區,121.2445760,24.8099290,274725.40,2744747.39,20191205,表水,0.5m,採樣深度,"Sampling Depth",SDP,0.5,m
2097,石門水庫二,"Shih-Men Reservoir II",石門水庫,桃園市,大溪區,121.2445760,24.8099290,274725.40,2744747.39,20191205,表水,0.5m,導電度,Conductivity,EC,205,μmho/cm25℃
2097,石門水庫二,"Shih-Men Reservoir II",石門水庫,桃園市,大溪區,121.2445760,24.8099290,274725.40,2744747.39,20191205,表水,0.5m,濁度,Turbidity,TB,1.3,NTU
2097,石門水庫二,"Shih-Men Reservoir II",石門水庫,桃園市,大溪區,121.2445760,24.8099290,274725.40,2744747.39,20191205,表水,0.5m,酸鹼值,pH,pH,8.03,
2097,石門水庫二,"Shih-Men Reservoir II",石門水庫,桃園市,大溪區,121.2445760,24.8099290,274725.40,2744747.39,20191205,表水,0.5m,透明度,Transparency,SD,2.0,m
2097,石門水庫二,"Shih-Men Reservoir II",石門水庫,桃園市,大溪區,121.2445760,24.8099290,274725.40,2744747.39,20191205,表水,0.5m,水溫,"Water Temperature",WT,20.1,℃
2097,石門水庫二,"Shih-Men Reservoir II",石門水庫,桃園市,大溪區,121.2445760,24.8099290,274725.40,2744747.39,20191205,表水,0.5m,卡爾森指數,"Carlson Trophic State Index",CTSI,40.58,
2096,石門水庫一,"Shih-Men Reservoir I",石門水庫,桃園市,大溪區,121.2424100,24.8034780,274507.70,2744032.49,20191205,表水,0.5m,葉綠素a,Chlorophyl-A,Chl-A,1.3,μg/L
2096,石門水庫一,"Shih-Men Reservoir I",石門水庫,桃園市,大溪區,121.2424100,24.8034780,274507.70,2744032.49,20191205,表水,0.5m,總磷,Total-Phosphate,TP,0.017,mg/L
2096,石門水庫一,"Shih-Men Reservoir I",石門水庫,桃園市,大溪區,121.2424100,24.8034780,274507.70,2744032.49,20191205,表水,0.5m,溶氧飽和度,"Dissolved Oxygen Saturation",DOS,87.5,%
2096,石門水庫一,"Shih-Men Reservoir I",石門水庫,桃園市,大溪區,121.2424100,24.8034780,274507.70,2744032.49,20191205,表水,0.5m,氨氮,NH3-N,NH3-N,<0.01,mg/L
2096,石門水庫一,"Shih-Men Reservoir I",石門水庫,桃園市,大溪區,121.2424100,24.8034780,274507.70,2744032.49,20191205,表水,0.5m,總有機碳,"Total Organic Carbon",TOC,0.55,mg/L
2096,石門水庫一,"Shih-Men Reservoir I",石門水庫,桃園市,大溪區,121.2424100,24.8034780,274507.70,2744032.49,20191205,表水,0.5m,化學需氧量,"Chemical Oxygen Demand",COD,7.5,mg/L
2096,石門水庫一,"Shih-Men Reservoir I",石門水庫,桃園市,大溪區,121.2424100,24.8034780,274507.70,2744032.49,20191205,表水,0.5m,溶氧(電極法),"Dissolved Oxygen",DO,7.7,mg/L
2096,石門水庫一,"Shih-Men Reservoir I",石門水庫,桃園市,大溪區,121.2424100,24.8034780,274507.70,2744032.49,20191205,表水,0.5m,懸浮固體,"Suspended Solid",SS,2.4,mg/L
2096,石門水庫一,"Shih-Men Reservoir I",石門水庫,桃園市,大溪區,121.2424100,24.8034780,274507.70,2744032.49,20191205,表水,0.5m,氣溫,Temperature,TMP,16.8,℃
2096,石門水庫一,"Shih-Men Reservoir I",石門水庫,桃園市,大溪區,121.2424100,24.8034780,274507.70,2744032.49,20191205,表水,0.5m,採樣深度,"Sampling Depth",SDP,0.5,m
2096,石門水庫一,"Shih-Men Reservoir I",石門水庫,桃園市,大溪區,121.2424100,24.8034780,274507.70,2744032.49,20191205,表水,0.5m,導電度,Conductivity,EC,203,μmho/cm25℃
2096,石門水庫一,"Shih-Men Reservoir I",石門水庫,桃園市,大溪區,121.2424100,24.8034780,274507.70,2744032.49,20191205,表水,0.5m,濁度,Turbidity,TB,1.1,NTU
2096,石門水庫一,"Shih-Men Reservoir I",石門水庫,桃園市,大溪區,121.2424100,24.8034780,274507.70,2744032.49,20191205,表水,0.5m,酸鹼值,pH,pH,8.01,
2096,石門水庫一,"Shih-Men Reservoir I",石門水庫,桃園市,大溪區,121.2424100,24.8034780,274507.70,2744032.49,20191205,表水,0.5m,透明度,Transparency,SD,2.2,m
2096,石門水庫一,"Shih-Men Reservoir I",石門水庫,桃園市,大溪區,121.2424100,24.8034780,274507.70,2744032.49,20191205,表水,0.5m,水溫,"Water Temperature",WT,20.1,℃
2096,石門水庫一,"Shih-Men Reservoir I",石門水庫,桃園市,大溪區,121.2424100,24.8034780,274507.70,2744032.49,20191205,表水,0.5m,卡爾森指數,"Carlson Trophic State Index",CTSI,42.27,
2088,新山水庫二,"Hsin-Shan Reservoir II",新山水庫,基隆市,安樂區,121.7094750,25.1286690,321540.83,2780217.42,20191206,表水,0.5m,葉綠素a,Chlorophyl-A,Chl-A,1.5,μg/L
2088,新山水庫二,"Hsin-Shan Reservoir II",新山水庫,基隆市,安樂區,121.7094750,25.1286690,321540.83,2780217.42,20191206,表水,0.5m,總磷,Total-Phosphate,TP,0.012,mg/L
2088,新山水庫二,"Hsin-Shan Reservoir II",新山水庫,基隆市,安樂區,121.7094750,25.1286690,321540.83,2780217.42,20191206,表水,0.5m,溶氧飽和度,"Dissolved Oxygen Saturation",DOS,82.1,%
2088,新山水庫二,"Hsin-Shan Reservoir II",新山水庫,基隆市,安樂區,121.7094750,25.1286690,321540.83,2780217.42,20191206,表水,0.5m,氨氮,NH3-N,NH3-N,0.06,mg/L
2088,新山水庫二,"Hsin-Shan Reservoir II",新山水庫,基隆市,安樂區,121.7094750,25.1286690,321540.83,2780217.42,20191206,表水,0.5m,總有機碳,"Total Organic Carbon",TOC,0.95,mg/L
2088,新山水庫二,"Hsin-Shan Reservoir II",新山水庫,基隆市,安樂區,121.7094750,25.1286690,321540.83,2780217.42,20191206,表水,0.5m,化學需氧量,"Chemical Oxygen Demand",COD,10.9,mg/L
2088,新山水庫二,"Hsin-Shan Reservoir II",新山水庫,基隆市,安樂區,121.7094750,25.1286690,321540.83,2780217.42,20191206,表水,0.5m,溶氧(電極法),"Dissolved Oxygen",DO,7.6,mg/L
2088,新山水庫二,"Hsin-Shan Reservoir II",新山水庫,基隆市,安樂區,121.7094750,25.1286690,321540.83,2780217.42,20191206,表水,0.5m,懸浮固體,"Suspended Solid",SS,2.6,mg/L
2088,新山水庫二,"Hsin-Shan Reservoir II",新山水庫,基隆市,安樂區,121.7094750,25.1286690,321540.83,2780217.42,20191206,表水,0.5m,氣溫,Temperature,TMP,14.8,℃
2088,新山水庫二,"Hsin-Shan Reservoir II",新山水庫,基隆市,安樂區,121.7094750,25.1286690,321540.83,2780217.42,20191206,表水,0.5m,採樣深度,"Sampling Depth",SDP,0.5,m
2088,新山水庫二,"Hsin-Shan Reservoir II",新山水庫,基隆市,安樂區,121.7094750,25.1286690,321540.83,2780217.42,20191206,表水,0.5m,導電度,Conductivity,EC,124,μmho/cm25℃
2088,新山水庫二,"Hsin-Shan Reservoir II",新山水庫,基隆市,安樂區,121.7094750,25.1286690,321540.83,2780217.42,20191206,表水,0.5m,濁度,Turbidity,TB,1.5,NTU
2088,新山水庫二,"Hsin-Shan Reservoir II",新山水庫,基隆市,安樂區,121.7094750,25.1286690,321540.83,2780217.42,20191206,表水,0.5m,酸鹼值,pH,pH,7.09,
2088,新山水庫二,"Hsin-Shan Reservoir II",新山水庫,基隆市,安樂區,121.7094750,25.1286690,321540.83,2780217.42,20191206,表水,0.5m,透明度,Transparency,SD,1.8,m
2088,新山水庫二,"Hsin-Shan Reservoir II",新山水庫,基隆市,安樂區,121.7094750,25.1286690,321540.83,2780217.42,20191206,表水,0.5m,水溫,"Water Temperature",WT,19.1,℃
2088,新山水庫二,"Hsin-Shan Reservoir II",新山水庫,基隆市,安樂區,121.7094750,25.1286690,321540.83,2780217.42,20191206,表水,0.5m,卡爾森指數,"Carlson Trophic State Index",CTSI,42.03,
2087,新山水庫一,"Hsin-Shan Reservoir I",新山水庫,基隆市,安樂區,121.7103550,25.1335760,321626.70,2780761.43,20191206,表水,0.5m,葉綠素a,Chlorophyl-A,Chl-A,2.6,μg/L
2087,新山水庫一,"Hsin-Shan Reservoir I",新山水庫,基隆市,安樂區,121.7103550,25.1335760,321626.70,2780761.43,20191206,表水,0.5m,總磷,Total-Phosphate,TP,0.013,mg/L
2087,新山水庫一,"Hsin-Shan Reservoir I",新山水庫,基隆市,安樂區,121.7103550,25.1335760,321626.70,2780761.43,20191206,表水,0.5m,溶氧飽和度,"Dissolved Oxygen Saturation",DOS,81.6,%
2087,新山水庫一,"Hsin-Shan Reservoir I",新山水庫,基隆市,安樂區,121.7103550,25.1335760,321626.70,2780761.43,20191206,表水,0.5m,氨氮,NH3-N,NH3-N,0.09,mg/L
2087,新山水庫一,"Hsin-Shan Reservoir I",新山水庫,基隆市,安樂區,121.7103550,25.1335760,321626.70,2780761.43,20191206,表水,0.5m,總有機碳,"Total Organic Carbon",TOC,1.01,mg/L
2087,新山水庫一,"Hsin-Shan Reservoir I",新山水庫,基隆市,安樂區,121.7103550,25.1335760,321626.70,2780761.43,20191206,表水,0.5m,化學需氧量,"Chemical Oxygen Demand",COD,6.6,mg/L
2087,新山水庫一,"Hsin-Shan Reservoir I",新山水庫,基隆市,安樂區,121.7103550,25.1335760,321626.70,2780761.43,20191206,表水,0.5m,溶氧(電極法),"Dissolved Oxygen",DO,7.5,mg/L
2087,新山水庫一,"Hsin-Shan Reservoir I",新山水庫,基隆市,安樂區,121.7103550,25.1335760,321626.70,2780761.43,20191206,表水,0.5m,懸浮固體,"Suspended Solid",SS,3.5,mg/L
2087,新山水庫一,"Hsin-Shan Reservoir I",新山水庫,基隆市,安樂區,121.7103550,25.1335760,321626.70,2780761.43,20191206,表水,0.5m,氣溫,Temperature,TMP,14.9,℃
2087,新山水庫一,"Hsin-Shan Reservoir I",新山水庫,基隆市,安樂區,121.7103550,25.1335760,321626.70,2780761.43,20191206,表水,0.5m,採樣深度,"Sampling Depth",SDP,0.5,m
2087,新山水庫一,"Hsin-Shan Reservoir I",新山水庫,基隆市,安樂區,121.7103550,25.1335760,321626.70,2780761.43,20191206,表水,0.5m,導電度,Conductivity,EC,125,μmho/cm25℃
2087,新山水庫一,"Hsin-Shan Reservoir I",新山水庫,基隆市,安樂區,121.7103550,25.1335760,321626.70,2780761.43,20191206,表水,0.5m,濁度,Turbidity,TB,2.1,NTU
2087,新山水庫一,"Hsin-Shan Reservoir I",新山水庫,基隆市,安樂區,121.7103550,25.1335760,321626.70,2780761.43,20191206,表水,0.5m,酸鹼值,pH,pH,7.03,
2087,新山水庫一,"Hsin-Shan Reservoir I",新山水庫,基隆市,安樂區,121.7103550,25.1335760,321626.70,2780761.43,20191206,表水,0.5m,透明度,Transparency,SD,1.8,m
2087,新山水庫一,"Hsin-Shan Reservoir I",新山水庫,基隆市,安樂區,121.7103550,25.1335760,321626.70,2780761.43,20191206,表水,0.5m,水溫,"Water Temperature",WT,19.2,℃
2087,新山水庫一,"Hsin-Shan Reservoir I",新山水庫,基隆市,安樂區,121.7103550,25.1335760,321626.70,2780761.43,20191206,表水,0.5m,卡爾森指數,"Carlson Trophic State Index",CTSI,44.21,
